question,vector_distances,vector_scores,bm25_scores
What is software engineering and how does it fit into computer science?,"[0.28095781803131104, 0.30492931604385376, 0.3467431664466858, 0.35098838806152344, 0.3512643575668335, 0.4119942784309387, 0.4136471152305603, 0.4147685766220093, 0.4228935241699219, 0.42702317237854004, 0.42922818660736084, 0.44144517183303833, 0.4471954107284546, 0.4475014805793762, 0.45094162225723267, 0.45132505893707275, 0.4548488259315491, 0.4552369713783264, 0.4561946988105774, 0.45896434783935547, 0.4608142375946045, 0.46311134099960327, 0.4636855125427246, 0.46698296070098877, 0.467190682888031, 0.46724849939346313, 0.47088623046875, 0.4726158380508423, 0.4742732048034668, 0.47559839487075806]","[0.719042181968689, 0.6950706839561462, 0.6532568335533142, 0.6490116119384766, 0.6487356424331665, 0.5880057215690613, 0.5863528847694397, 0.5852314233779907, 0.5771064758300781, 0.57297682762146, 0.5707718133926392, 0.5585548281669617, 0.5528045892715454, 0.5524985194206238, 0.5490583777427673, 0.5486749410629272, 0.5451511740684509, 0.5447630286216736, 0.5438053011894226, 0.5410356521606445, 0.5391857624053955, 0.5368886590003967, 0.5363144874572754, 0.5330170392990112, 0.532809317111969, 0.5327515006065369, 0.52911376953125, 0.5273841619491577, 0.5257267951965332, 0.5244016051292419]","[27.748884, 21.593737, 16.509266, 16.14459, 15.329397, 15.204704, 14.904602, 14.862862, 14.49301, 13.588873, 13.197435, 12.746899, 12.575737, 12.569824, 12.443735, 12.098673, 11.823234, 11.724162, 11.716057, 11.415586, 11.251202, 11.10563, 11.023377, 10.976223, 10.946939, 10.866486, 10.859362, 10.840817, 10.648442, 10.410469]"
What is the difference between technical and business quality? Explain why each is important.,"[0.33366966247558594, 0.422413170337677, 0.4615035057067871, 0.4671006202697754, 0.47021937370300293, 0.4879269003868103, 0.4934600591659546, 0.5050119161605835, 0.5125192999839783, 0.5242537260055542, 0.5262718200683594, 0.5272358059883118, 0.5289762020111084, 0.5338249206542969, 0.5352767705917358, 0.536620020866394, 0.547493577003479, 0.5495214462280273, 0.5533341765403748, 0.554497241973877, 0.5562871694564819, 0.5599309206008911, 0.5698064565658569, 0.5710373520851135, 0.57398921251297, 0.5767330527305603, 0.5892108678817749, 0.5909731388092041, 0.5911132097244263, 0.5950025320053101]","[0.6663303375244141, 0.577586829662323, 0.5384964942932129, 0.5328993797302246, 0.5297806262969971, 0.5120730996131897, 0.5065399408340454, 0.4949880838394165, 0.48748070001602173, 0.4757462739944458, 0.4737281799316406, 0.47276419401168823, 0.4710237979888916, 0.4661750793457031, 0.46472322940826416, 0.46337997913360596, 0.452506422996521, 0.45047855377197266, 0.44666582345962524, 0.44550275802612305, 0.44371283054351807, 0.4400690793991089, 0.43019354343414307, 0.4289626479148865, 0.42601078748703003, 0.4232669472694397, 0.4107891321182251, 0.4090268611907959, 0.40888679027557373, 0.40499746799468994]","[19.328243, 18.804838, 15.137917, 14.278685, 13.712026, 13.410171, 12.914123, 12.904844, 12.531042, 12.25803, 12.238323, 12.198315, 11.990757, 11.916535, 11.902482, 11.897008, 11.895943, 11.86407, 11.66218, 11.629508, 11.58252, 11.435804, 11.303002, 11.218365, 11.163555, 11.114717, 11.01827, 11.013811, 10.952069, 10.950504]"
"Describe three software development life - cycle models. For each, name the main activities performed, and the inputs and outputs of each activity. For each give an example of the kind of software development project where the life - cycle model would be well - suited, and an example of where the life - cycle model would be inappropriate; explain why.","[0.32202404737472534, 0.36746710538864136, 0.37076473236083984, 0.37531858682632446, 0.382693886756897, 0.38373005390167236, 0.3845781683921814, 0.39085549116134644, 0.3921031355857849, 0.39381343126296997, 0.4082384705543518, 0.41331034898757935, 0.41606736183166504, 0.41610872745513916, 0.41876494884490967, 0.42118215560913086, 0.42186439037323, 0.4228881001472473, 0.42392194271087646, 0.4307524561882019, 0.43462640047073364, 0.43631088733673096, 0.44423842430114746, 0.44446122646331787, 0.44572192430496216, 0.44785749912261963, 0.4487876296043396, 0.4573485851287842, 0.4580298662185669, 0.4585719108581543]","[0.6779759526252747, 0.6325328946113586, 0.6292352676391602, 0.6246814131736755, 0.617306113243103, 0.6162699460983276, 0.6154218316078186, 0.6091445088386536, 0.6078968644142151, 0.60618656873703, 0.5917615294456482, 0.5866896510124207, 0.583932638168335, 0.5838912725448608, 0.5812350511550903, 0.5788178443908691, 0.57813560962677, 0.5771118998527527, 0.5760780572891235, 0.5692475438117981, 0.5653735995292664, 0.563689112663269, 0.5557615756988525, 0.5555387735366821, 0.5542780756950378, 0.5521425008773804, 0.5512123703956604, 0.5426514148712158, 0.5419701337814331, 0.5414280891418457]","[32.07989, 28.915718, 28.363586, 27.691282, 27.335, 26.894217, 26.314852, 26.075174, 24.41818, 24.377235, 24.359106, 24.212482, 24.174826, 24.03259, 24.024769, 23.745697, 23.689209, 23.682049, 23.330805, 23.022404, 23.019566, 22.935215, 22.797949, 21.655684, 21.567955, 21.430676, 21.273254, 21.066452, 20.927073, 20.817526]"
What is the difference between static and dynamic modeling? Explain how each type of modeling is useful.,"[0.45934760570526123, 0.46361005306243896, 0.46959054470062256, 0.47089654207229614, 0.5373764634132385, 0.5424102544784546, 0.5456475019454956, 0.5462425351142883, 0.5549832582473755, 0.5622653365135193, 0.5623713731765747, 0.5679899454116821, 0.5681707859039307, 0.5698394775390625, 0.573972761631012, 0.5758947134017944, 0.5817834138870239, 0.5831632614135742, 0.583551824092865, 0.5939939022064209, 0.597395122051239, 0.6053799390792847, 0.6091161370277405, 0.6097156405448914, 0.6121748685836792, 0.6142076253890991, 0.6159595847129822, 0.6200287342071533, 0.6203725337982178, 0.6229943633079529]","[0.5406523942947388, 0.536389946937561, 0.5304094552993774, 0.5291034579277039, 0.4626235365867615, 0.4575897455215454, 0.4543524980545044, 0.45375746488571167, 0.4450167417526245, 0.4377346634864807, 0.4376286268234253, 0.43201005458831787, 0.43182921409606934, 0.4301605224609375, 0.42602723836898804, 0.42410528659820557, 0.4182165861129761, 0.4168367385864258, 0.416448175907135, 0.4060060977935791, 0.402604877948761, 0.39462006092071533, 0.3908838629722595, 0.39028435945510864, 0.3878251314163208, 0.3857923746109009, 0.3840404152870178, 0.3799712657928467, 0.3796274662017822, 0.3770056366920471]","[20.373283, 15.437071, 14.5143795, 14.313071, 14.124376, 14.108313, 13.619234, 13.25019, 13.077757, 13.015028, 12.424548, 11.896476, 11.8579445, 11.749563, 11.641822, 11.589001, 11.577103, 11.388788, 11.233147, 11.1868105, 11.112695, 11.051825, 11.013799, 10.911184, 10.84234, 10.627925, 10.617823, 10.532684, 10.419259, 10.385179]"
"Use the five desirable properties of process modeling tools and techniques identified by Curtis, Kellner and Over(1992) and presented in Section 2.4 of the textbook to evaluate one process modeling tool or technique. You may use an example from the book and/or consult outside sources.","[0.2076570987701416, 0.23831123113632202, 0.29748326539993286, 0.31469041109085083, 0.31745266914367676, 0.32736122608184814, 0.34485316276550293, 0.3722357749938965, 0.37684834003448486, 0.3774033784866333, 0.37786197662353516, 0.385578453540802, 0.3917568325996399, 0.39726752042770386, 0.39753538370132446, 0.39845526218414307, 0.3995952010154724, 0.40128952264785767, 0.4018852710723877, 0.4054632782936096, 0.40803366899490356, 0.40820902585983276, 0.40840423107147217, 0.41069328784942627, 0.41199791431427, 0.4124382734298706, 0.4127933979034424, 0.4164528250694275, 0.4191993474960327, 0.4229755401611328]","[0.7923429012298584, 0.761688768863678, 0.7025167346000671, 0.6853095889091492, 0.6825473308563232, 0.6726387739181519, 0.6551468372344971, 0.6277642250061035, 0.6231516599655151, 0.6225966215133667, 0.6221380233764648, 0.614421546459198, 0.6082431674003601, 0.6027324795722961, 0.6024646162986755, 0.6015447378158569, 0.6004047989845276, 0.5987104773521423, 0.5981147289276123, 0.5945367217063904, 0.5919663310050964, 0.5917909741401672, 0.5915957689285278, 0.5893067121505737, 0.58800208568573, 0.5875617265701294, 0.5872066020965576, 0.5835471749305725, 0.5808006525039673, 0.5770244598388672]","[53.204155, 36.753906, 33.392998, 26.440804, 24.557016, 24.303444, 23.911205, 23.624405, 23.490404, 23.320845, 23.275911, 22.705833, 22.648458, 22.627357, 22.427994, 22.143486, 22.071697, 21.632519, 21.390219, 21.218933, 21.218317, 21.207308, 21.072891, 20.99859, 20.84437, 20.516262, 20.467342, 20.43917, 20.365578, 20.264664]"
Explain the difference between prescriptive and descriptive process models. What is the purpose for each? When is it appropriate to use each?,"[0.41724103689193726, 0.429248571395874, 0.45005136728286743, 0.4659324288368225, 0.475114107131958, 0.47575581073760986, 0.47577571868896484, 0.4840487837791443, 0.4850207567214966, 0.48530399799346924, 0.48662179708480835, 0.49179762601852417, 0.4943106770515442, 0.49490290880203247, 0.4950774908065796, 0.497144877910614, 0.499111533164978, 0.5072110295295715, 0.5122353434562683, 0.5190833806991577, 0.5212011337280273, 0.5307865142822266, 0.5359286665916443, 0.5361798405647278, 0.5409073829650879, 0.5477070808410645, 0.5518273115158081, 0.5547934174537659, 0.5552355051040649, 0.555730938911438]","[0.5827589631080627, 0.570751428604126, 0.5499486327171326, 0.5340675711631775, 0.524885892868042, 0.5242441892623901, 0.5242242813110352, 0.5159512162208557, 0.5149792432785034, 0.5146960020065308, 0.5133782029151917, 0.5082023739814758, 0.5056893229484558, 0.5050970911979675, 0.5049225091934204, 0.502855122089386, 0.500888466835022, 0.49278897047042847, 0.4877646565437317, 0.4809166193008423, 0.47879886627197266, 0.46921348571777344, 0.4640713334083557, 0.4638201594352722, 0.4590926170349121, 0.45229291915893555, 0.4481726884841919, 0.44520658254623413, 0.44476449489593506, 0.444269061088562]","[21.655746, 18.566765, 18.336662, 17.458952, 15.951497, 15.161843, 15.07198, 14.454636, 14.447276, 14.194333, 14.167323, 14.0558605, 13.987528, 13.241228, 13.083881, 12.934443, 12.773861, 12.752896, 12.70369, 12.39753, 12.212745, 12.14974, 12.04741, 12.024816, 11.924938, 11.894852, 11.879441, 11.805595, 11.703274, 11.696443]"
"Describe the process of getting a degree (bachelor's, master's or PhD) as a work breakdow n structure. Draw an activity graph for the process. What is the critical path?","[0.4416853189468384, 0.46123504638671875, 0.48813682794570923, 0.4930115342140198, 0.5188162326812744, 0.525651752948761, 0.5394316911697388, 0.5502311587333679, 0.5507717132568359, 0.5523198843002319, 0.5572069883346558, 0.5573674440383911, 0.5573928356170654, 0.5597851276397705, 0.560957670211792, 0.5613566637039185, 0.5626470446586609, 0.5643901824951172, 0.5663939714431763, 0.5671515464782715, 0.5692237615585327, 0.5711086988449097, 0.5720546841621399, 0.5744619369506836, 0.5756333470344543, 0.5762563347816467, 0.5766893029212952, 0.5780938267707825, 0.5786387920379639, 0.5822011232376099]","[0.5583146810531616, 0.5387649536132812, 0.5118631720542908, 0.5069884657859802, 0.4811837673187256, 0.474348247051239, 0.46056830883026123, 0.4497688412666321, 0.44922828674316406, 0.44768011569976807, 0.44279301166534424, 0.4426325559616089, 0.44260716438293457, 0.4402148723602295, 0.439042329788208, 0.43864333629608154, 0.4373529553413391, 0.4356098175048828, 0.43360602855682373, 0.4328484535217285, 0.4307762384414673, 0.42889130115509033, 0.4279453158378601, 0.4255380630493164, 0.42436665296554565, 0.42374366521835327, 0.42331069707870483, 0.42190617322921753, 0.42136120796203613, 0.41779887676239014]","[32.739437, 28.533491, 26.419317, 24.986343, 23.125957, 20.996702, 20.19173, 18.893059, 18.663927, 18.013134, 17.50886, 17.015425, 16.637222, 16.54301, 16.481955, 15.70187, 15.639946, 15.4178505, 15.354596, 15.2220955, 15.014694, 14.849465, 14.782351, 14.604193, 14.401079, 14.351816, 14.214599, 14.157154, 14.072659, 13.768871]"
"Discuss two techniques for making a prediction for effort. In particular, explain where during the development process the prediction is made, and when (if at all) the prediction is repeated.","[0.38404381275177, 0.4100368022918701, 0.4170228838920593, 0.42246347665786743, 0.42921143770217896, 0.4347386956214905, 0.44283390045166016, 0.4442366361618042, 0.4476483464241028, 0.44778501987457275, 0.4483327269554138, 0.4493648409843445, 0.4517579674720764, 0.4523724317550659, 0.45721912384033203, 0.4692089557647705, 0.470018208026886, 0.47177523374557495, 0.4758497476577759, 0.4762521982192993, 0.4764660596847534, 0.4765864610671997, 0.4776719808578491, 0.47982674837112427, 0.4811379909515381, 0.4845540523529053, 0.4856308698654175, 0.4859466552734375, 0.48599159717559814, 0.4865850806236267]","[0.61595618724823, 0.5899631977081299, 0.5829771161079407, 0.5775365233421326, 0.570788562297821, 0.5652613043785095, 0.5571660995483398, 0.5557633638381958, 0.5523516535758972, 0.5522149801254272, 0.5516672730445862, 0.5506351590156555, 0.5482420325279236, 0.5476275682449341, 0.542780876159668, 0.5307910442352295, 0.529981791973114, 0.528224766254425, 0.5241502523422241, 0.5237478017807007, 0.5235339403152466, 0.5234135389328003, 0.5223280191421509, 0.5201732516288757, 0.5188620090484619, 0.5154459476470947, 0.5143691301345825, 0.5140533447265625, 0.5140084028244019, 0.5134149193763733]","[23.230497, 21.410501, 19.082317, 18.448757, 17.809212, 17.671217, 17.567703, 17.56394, 17.489891, 16.9817, 16.960192, 16.586437, 16.125357, 16.113548, 15.928742, 15.592988, 15.574593, 15.555242, 15.516447, 15.495876, 15.4210615, 15.345133, 15.344564, 15.112216, 14.829681, 14.800959, 14.747339, 14.734161, 14.638113, 14.539088]"
"Any prediction generates an estimate, E, that can be compared eventually to an actual value, A. Name two values that can be calculated from E and A to help determine the accuracy of the estimating process. Define the two values and discuss how the values for each are used to tell us that a prediction is acceptable.","[0.45936256647109985, 0.46128618717193604, 0.4761001467704773, 0.4775339365005493, 0.4936288595199585, 0.5003516674041748, 0.5004293322563171, 0.5114190578460693, 0.5159150958061218, 0.5192158222198486, 0.5224782228469849, 0.5305577516555786, 0.5359063148498535, 0.5388985872268677, 0.5425097346305847, 0.5429677963256836, 0.5435405969619751, 0.5533761382102966, 0.5538745522499084, 0.5540910959243774, 0.5556968450546265, 0.5557916164398193, 0.5585556626319885, 0.559393584728241, 0.5631227493286133, 0.566203236579895, 0.5680980086326599, 0.5759537220001221, 0.5782718658447266, 0.5896402597427368]","[0.5406374335289001, 0.538713812828064, 0.5238998532295227, 0.5224660634994507, 0.5063711404800415, 0.4996483325958252, 0.49957066774368286, 0.48858094215393066, 0.4840849041938782, 0.48078417778015137, 0.47752177715301514, 0.4694422483444214, 0.4640936851501465, 0.4611014127731323, 0.4574902653694153, 0.4570322036743164, 0.4564594030380249, 0.44662386178970337, 0.44612544775009155, 0.44590890407562256, 0.44430315494537354, 0.44420838356018066, 0.4414443373680115, 0.44060641527175903, 0.4368772506713867, 0.433796763420105, 0.4319019913673401, 0.42404627799987793, 0.42172813415527344, 0.4103597402572632]","[31.873178, 30.379253, 27.90304, 27.431988, 26.54363, 25.265596, 25.099926, 23.114193, 23.000101, 22.894413, 22.573393, 22.383228, 22.056875, 21.960037, 21.433695, 21.373402, 21.105082, 21.053648, 20.9642, 20.819014, 20.643963, 20.526375, 20.520807, 20.459732, 20.420666, 20.068764, 20.013378, 19.954218, 19.769537, 19.622925]"
Describe two different size measures and the advantages and disadvantages of using each.,"[0.5307345390319824, 0.5854646563529968, 0.6018994450569153, 0.6066029071807861, 0.6140313148498535, 0.6143839359283447, 0.6176975965499878, 0.619043231010437, 0.6199716329574585, 0.6267865896224976, 0.6278324127197266, 0.6300586462020874, 0.6337310075759888, 0.634249746799469, 0.6345648169517517, 0.6363103985786438, 0.6376755237579346, 0.6390074491500854, 0.6402055025100708, 0.6407282948493958, 0.6426925659179688, 0.6428021192550659, 0.6465060710906982, 0.6497542262077332, 0.6516278386116028, 0.6518732309341431, 0.6525425910949707, 0.6531110405921936, 0.653598427772522, 0.6543420553207397]","[0.4692654609680176, 0.4145353436470032, 0.3981005549430847, 0.39339709281921387, 0.3859686851501465, 0.3856160640716553, 0.3823024034500122, 0.380956768989563, 0.3800283670425415, 0.37321341037750244, 0.37216758728027344, 0.3699413537979126, 0.36626899242401123, 0.365750253200531, 0.3654351830482483, 0.3636896014213562, 0.36232447624206543, 0.36099255084991455, 0.3597944974899292, 0.35927170515060425, 0.35730743408203125, 0.3571978807449341, 0.35349392890930176, 0.35024577379226685, 0.3483721613883972, 0.34812676906585693, 0.3474574089050293, 0.3468889594078064, 0.346401572227478, 0.34565794467926025]","[15.490739, 15.489319, 14.231237, 13.2917595, 12.506109, 12.053875, 11.924311, 11.608772, 11.469556, 11.129442, 10.467606, 10.2531185, 10.152367, 9.830449, 9.68362, 9.640224, 9.373682, 9.289673, 9.123312, 8.944971, 8.916938, 8.887303, 8.84314, 8.803553, 8.796785, 8.785202, 8.661397, 8.627548, 8.527061, 8.450401]"
"Most of a system's requirements specify that the system should do what it is intended to do. Is it also appropri ate to specify that the system should not do what it is not intended to do? If your answer is no, explain why; if your answer is yes, give an example.","[0.5356473922729492, 0.5432754755020142, 0.5463958978652954, 0.5512125492095947, 0.5583422183990479, 0.5608580708503723, 0.5623913407325745, 0.5624049305915833, 0.5638449192047119, 0.5646762847900391, 0.565133810043335, 0.565265953540802, 0.5655105113983154, 0.565998911857605, 0.5669875741004944, 0.5671142339706421, 0.569137692451477, 0.5692011117935181, 0.5698131322860718, 0.5728565454483032, 0.575013279914856, 0.5769524574279785, 0.5770019292831421, 0.5806787610054016, 0.5812191367149353, 0.5829273462295532, 0.586035966873169, 0.5875051021575928, 0.5895739197731018, 0.5900518894195557]","[0.4643526077270508, 0.45672452449798584, 0.4536041021347046, 0.4487874507904053, 0.44165778160095215, 0.4391419291496277, 0.43760865926742554, 0.43759506940841675, 0.4361550807952881, 0.43532371520996094, 0.43486618995666504, 0.434734046459198, 0.43448948860168457, 0.434001088142395, 0.4330124258995056, 0.4328857660293579, 0.43086230754852295, 0.43079888820648193, 0.4301868677139282, 0.4271434545516968, 0.42498672008514404, 0.4230475425720215, 0.4229980707168579, 0.4193212389945984, 0.4187808632850647, 0.4170726537704468, 0.41396403312683105, 0.4124948978424072, 0.4104260802268982, 0.40994811058044434]","[29.962814, 28.22078, 27.663546, 24.85419, 24.432486, 24.031849, 23.213045, 22.909058, 22.562702, 22.502394, 22.43408, 22.17749, 21.70801, 21.119215, 20.776655, 20.68842, 20.447052, 20.206432, 20.07145, 20.018501, 19.83671, 19.65455, 19.647827, 19.626225, 19.624878, 19.504347, 19.411526, 19.376083, 19.175026, 19.085133]"
"Describe the different consumers of software requirements i.e. the different users, or types of users, o f a software requirements document). For each consumer, explain how he or she would use the requirements, and how the requirements should be documented to make them useful for this consumer.","[0.34833240509033203, 0.41632479429244995, 0.4197424054145813, 0.42324453592300415, 0.42514556646347046, 0.4258880615234375, 0.4292018413543701, 0.4331570863723755, 0.4379499554634094, 0.4383525848388672, 0.4388273358345032, 0.4429738521575928, 0.44423907995224, 0.44628405570983887, 0.44821345806121826, 0.4570210576057434, 0.4618184566497803, 0.47580522298812866, 0.4784739017486572, 0.4805465340614319, 0.4810677170753479, 0.4835352301597595, 0.484117329120636, 0.48508667945861816, 0.4882547855377197, 0.4921811819076538, 0.4974660873413086, 0.4993806481361389, 0.5005702972412109, 0.5023766160011292]","[0.651667594909668, 0.58367520570755, 0.5802575945854187, 0.5767554640769958, 0.5748544335365295, 0.5741119384765625, 0.5707981586456299, 0.5668429136276245, 0.5620500445365906, 0.5616474151611328, 0.5611726641654968, 0.5570261478424072, 0.55576092004776, 0.5537159442901611, 0.5517865419387817, 0.5429789423942566, 0.5381815433502197, 0.5241947770118713, 0.5215260982513428, 0.5194534659385681, 0.5189322829246521, 0.5164647698402405, 0.515882670879364, 0.5149133205413818, 0.5117452144622803, 0.5078188180923462, 0.5025339126586914, 0.5006193518638611, 0.49942970275878906, 0.49762338399887085]","[27.210232, 25.669836, 25.129938, 24.97006, 24.851646, 24.24416, 23.447115, 22.978153, 22.953325, 22.760004, 22.506777, 22.496124, 22.490685, 22.338074, 22.032324, 21.964514, 21.86857, 21.864641, 21.576916, 21.089334, 20.964588, 20.898731, 20.553022, 20.428284, 20.254112, 20.189856, 20.152296, 20.063843, 19.680805, 19.604427]"
"One source of problems in the requirements phase can be the rela tionship between system developers and their customers. What are some negative stereotypes customers may hold about developers? What could you, as a developer on a project, do to minimize the impact of those negative stereotypes?","[0.4187030792236328, 0.43592870235443115, 0.4512280225753784, 0.46277284622192383, 0.46443355083465576, 0.4695093035697937, 0.4709833860397339, 0.47746968269348145, 0.4783555269241333, 0.48604297637939453, 0.48989933729171753, 0.4937819242477417, 0.4939783215522766, 0.4954134225845337, 0.49925923347473145, 0.4996451139450073, 0.500551700592041, 0.5012317895889282, 0.5077208876609802, 0.5136498212814331, 0.5168689489364624, 0.5172978639602661, 0.5203918814659119, 0.522831916809082, 0.5230382084846497, 0.5249588489532471, 0.5257797241210938, 0.5258656144142151, 0.5262678265571594, 0.5269039273262024]","[0.5812969207763672, 0.5640712976455688, 0.5487719774246216, 0.5372271537780762, 0.5355664491653442, 0.5304906964302063, 0.5290166139602661, 0.5225303173065186, 0.5216444730758667, 0.5139570236206055, 0.5101006627082825, 0.5062180757522583, 0.5060216784477234, 0.5045865774154663, 0.5007407665252686, 0.5003548860549927, 0.499448299407959, 0.4987682104110718, 0.4922791123390198, 0.4863501787185669, 0.4831310510635376, 0.4827021360397339, 0.47960811853408813, 0.47716808319091797, 0.47696179151535034, 0.47504115104675293, 0.47422027587890625, 0.4741343855857849, 0.4737321734428406, 0.4730960726737976]","[25.525585, 25.470291, 25.38886, 25.318733, 25.026495, 24.944555, 24.603031, 24.270128, 24.227962, 23.621973, 23.47044, 23.001049, 22.83138, 22.36243, 21.998266, 21.632006, 21.62843, 21.577637, 21.353582, 21.266014, 21.186539, 21.00982, 20.897402, 20.836943, 20.774683, 20.654503, 20.618425, 20.570461, 20.434875, 20.364271]"
"The following statements describe modules in a (hypothetical) program. F or each, decide whether the module is likely to have a high or low degree of cohesion. If cohesion is low, explain why. a. Module “InventorySearchByID” searches the records in inventory to see if any match the specified range of ID numbers. A data structure is returned containing any matching records. b. Module “ProcessPurchase” removes the purchased product from inventory, prints a receipt for the customer and updates the log. c. Module “FindSet” processes the user's request, determine s the set of items from inventory that match the request, and formats the items into a list that can be shown to the customer.","[0.3775101900100708, 0.3817182183265686, 0.38702940940856934, 0.41732990741729736, 0.41883063316345215, 0.4309754967689514, 0.43797749280929565, 0.4409818649291992, 0.44149792194366455, 0.445029079914093, 0.44570499658584595, 0.44714903831481934, 0.4487560987472534, 0.4491877555847168, 0.45483267307281494, 0.4586673974990845, 0.46050119400024414, 0.4629592299461365, 0.4630606174468994, 0.4648316502571106, 0.46507513523101807, 0.4656009078025818, 0.465920090675354, 0.46658921241760254, 0.4671168327331543, 0.46840089559555054, 0.46863406896591187, 0.4687684178352356, 0.4689902067184448, 0.4714711904525757]","[0.6224898099899292, 0.6182817816734314, 0.6129705905914307, 0.5826700925827026, 0.5811693668365479, 0.5690245032310486, 0.5620225071907043, 0.5590181350708008, 0.5585020780563354, 0.554970920085907, 0.554295003414154, 0.5528509616851807, 0.5512439012527466, 0.5508122444152832, 0.5451673269271851, 0.5413326025009155, 0.5394988059997559, 0.5370407700538635, 0.5369393825531006, 0.5351683497428894, 0.5349248647689819, 0.5343990921974182, 0.534079909324646, 0.5334107875823975, 0.5328831672668457, 0.5315991044044495, 0.5313659310340881, 0.5312315821647644, 0.5310097932815552, 0.5285288095474243]","[52.219578, 47.139618, 44.857693, 42.97585, 42.539104, 40.330303, 39.98494, 39.64185, 38.962162, 38.121666, 37.174583, 37.158447, 36.930634, 36.751835, 36.5205, 36.21333, 36.175133, 34.89662, 34.648598, 34.549603, 34.48038, 34.231655, 33.89373, 33.782192, 33.55166, 33.523476, 33.496662, 33.491375, 33.29528, 32.890564]"
What does it mean to say that a design review should be “egoless”? Why are egoless reviews necessary? Suggest some s teps that may help achieve egoless reviews.,"[0.49009132385253906, 0.4945027232170105, 0.5206668972969055, 0.5209276676177979, 0.5385304689407349, 0.5386489629745483, 0.5750047564506531, 0.5769622325897217, 0.5979313254356384, 0.6083939075469971, 0.6089702844619751, 0.6132084131240845, 0.6145583391189575, 0.6171596050262451, 0.6172147989273071, 0.6220274567604065, 0.6245948076248169, 0.6290286183357239, 0.6316993236541748, 0.6321836113929749, 0.6324588656425476, 0.6334658265113831, 0.6337729692459106, 0.6340487599372864, 0.6349694728851318, 0.6350899934768677, 0.6371024250984192, 0.6371332406997681, 0.6376869678497314, 0.638203501701355]","[0.5099086761474609, 0.5054972767829895, 0.4793331027030945, 0.47907233238220215, 0.46146953105926514, 0.46135103702545166, 0.4249952435493469, 0.4230377674102783, 0.4020686745643616, 0.39160609245300293, 0.3910297155380249, 0.3867915868759155, 0.3854416608810425, 0.3828403949737549, 0.38278520107269287, 0.3779725432395935, 0.3754051923751831, 0.3709713816642761, 0.3683006763458252, 0.36781638860702515, 0.3675411343574524, 0.36653417348861694, 0.36622703075408936, 0.3659512400627136, 0.36503052711486816, 0.3649100065231323, 0.3628975749015808, 0.36286675930023193, 0.36231303215026855, 0.361796498298645]","[19.1605, 19.103418, 18.920244, 18.779408, 18.454546, 17.79187, 17.477106, 17.073198, 16.561443, 16.554394, 16.50171, 16.291115, 15.885333, 15.852258, 15.77161, 15.666599, 15.625477, 15.530101, 15.342707, 15.276376, 15.223307, 15.073269, 15.058815, 14.9939575, 14.806858, 14.801014, 14.710537, 14.706423, 14.665774, 14.634057]"
In what ways do the Object-Oriented characteristics of encapsulation and information hiding support reuse? What kind of criteria would you use in deciding whether to reuse a class in a new system?,"[0.36543935537338257, 0.37864983081817627, 0.38270115852355957, 0.39313435554504395, 0.3947288393974304, 0.41707825660705566, 0.4242287874221802, 0.42622536420822144, 0.4286518096923828, 0.43049389123916626, 0.4321204423904419, 0.4372674822807312, 0.4431217312812805, 0.4503368139266968, 0.4517631530761719, 0.45228445529937744, 0.4545222520828247, 0.45613062381744385, 0.4585381746292114, 0.45865678787231445, 0.4642486572265625, 0.4696232080459595, 0.47147417068481445, 0.47173571586608887, 0.47193652391433716, 0.47287750244140625, 0.4857102036476135, 0.4972608685493469, 0.4974249601364136, 0.49782228469848633]","[0.6345606446266174, 0.6213501691818237, 0.6172988414764404, 0.606865644454956, 0.6052711606025696, 0.5829217433929443, 0.5757712125778198, 0.5737746357917786, 0.5713481903076172, 0.5695061087608337, 0.5678795576095581, 0.5627325177192688, 0.5568782687187195, 0.5496631860733032, 0.5482368469238281, 0.5477155447006226, 0.5454777479171753, 0.5438693761825562, 0.5414618253707886, 0.5413432121276855, 0.5357513427734375, 0.5303767919540405, 0.5285258293151855, 0.5282642841339111, 0.5280634760856628, 0.5271224975585938, 0.5142897963523865, 0.5027391314506531, 0.5025750398635864, 0.5021777153015137]","[25.891806, 25.767588, 23.137764, 22.966879, 22.348606, 22.33358, 22.230633, 21.851116, 21.830976, 21.612679, 21.39359, 21.151112, 20.810581, 20.564001, 20.316618, 20.216045, 20.037827, 19.883781, 19.74294, 19.449139, 19.397343, 19.329449, 19.273216, 19.04375, 18.925442, 18.689095, 18.363712, 18.204987, 18.184917, 17.907682]"
Why is it useful to have separate phases for system and program design?,"[0.42069172859191895, 0.4346824884414673, 0.44215965270996094, 0.4451686143875122, 0.4456257224082947, 0.45235949754714966, 0.45389121770858765, 0.4551217555999756, 0.45803701877593994, 0.4603598117828369, 0.4625108242034912, 0.46271610260009766, 0.46593040227890015, 0.4668681025505066, 0.46870601177215576, 0.4704417586326599, 0.4713926315307617, 0.47151005268096924, 0.4726160764694214, 0.47329187393188477, 0.47361427545547485, 0.47471463680267334, 0.47734737396240234, 0.47965729236602783, 0.4798307418823242, 0.4805488586425781, 0.4813210368156433, 0.48134660720825195, 0.4815164804458618, 0.4833149313926697]","[0.579308271408081, 0.5653175115585327, 0.5578403472900391, 0.5548313856124878, 0.5543742775917053, 0.5476405024528503, 0.5461087822914124, 0.5448782444000244, 0.5419629812240601, 0.5396401882171631, 0.5374891757965088, 0.5372838973999023, 0.5340695977210999, 0.5331318974494934, 0.5312939882278442, 0.5295582413673401, 0.5286073684692383, 0.5284899473190308, 0.5273839235305786, 0.5267081260681152, 0.5263857245445251, 0.5252853631973267, 0.5226526260375977, 0.5203427076339722, 0.5201692581176758, 0.5194511413574219, 0.5186789631843567, 0.518653392791748, 0.5184835195541382, 0.5166850686073303]","[13.957924, 13.503914, 13.275269, 13.00155, 12.890448, 12.1596365, 12.117683, 12.11102, 11.82809, 11.531415, 11.518717, 11.409154, 10.670086, 10.349051, 10.163497, 10.094153, 9.981363, 9.673416, 9.603086, 9.538516, 9.408017, 9.384726, 9.284895, 9.251539, 9.219594, 9.195633, 9.185819, 9.078926, 9.055256, 9.051184]"
"In section 6.3, a set of questions was given for helping to find potential problems with a set of use cases. Why is it important if two different terms are being used to refer to the same entity?","[0.4713073968887329, 0.4940045475959778, 0.5123528242111206, 0.5130574703216553, 0.5200244188308716, 0.527564525604248, 0.5281385779380798, 0.5307904481887817, 0.5337253212928772, 0.5359885692596436, 0.5412819981575012, 0.542934775352478, 0.5446773767471313, 0.5460007190704346, 0.546866774559021, 0.5470629334449768, 0.5472792387008667, 0.5479000210762024, 0.5500485301017761, 0.5508351922035217, 0.550894558429718, 0.5515127182006836, 0.5516605377197266, 0.5517212152481079, 0.5527796745300293, 0.5527805089950562, 0.5530558228492737, 0.5530895590782166, 0.5541435480117798, 0.554367184638977]","[0.5286926031112671, 0.5059954524040222, 0.4876471757888794, 0.4869425296783447, 0.4799755811691284, 0.47243547439575195, 0.47186142206192017, 0.46920955181121826, 0.4662746787071228, 0.46401143074035645, 0.4587180018424988, 0.457065224647522, 0.45532262325286865, 0.45399928092956543, 0.453133225440979, 0.4529370665550232, 0.4527207612991333, 0.4520999789237976, 0.4499514698982239, 0.44916480779647827, 0.449105441570282, 0.4484872817993164, 0.44833946228027344, 0.4482787847518921, 0.4472203254699707, 0.44721949100494385, 0.4469441771507263, 0.44691044092178345, 0.4458564519882202, 0.44563281536102295]","[28.66919, 25.63065, 23.71054, 21.631052, 20.884232, 20.818468, 20.408812, 20.399775, 20.32952, 19.512562, 19.468143, 19.09515, 19.001402, 18.921505, 18.902382, 18.63362, 18.587856, 18.572592, 18.331198, 18.22428, 18.201427, 18.036072, 17.949612, 17.792368, 17.658352, 17.62664, 17.599258, 17.317043, 17.20076, 17.11803]"
"You are designing a system to help run a bookstore. Revenue for the store comes from two distinct services: customers can purchase books, or bring their books in for rebinding. You are considering making a separate class for each service, both of which would be subclasses of a general “sale item” class. What are the likely benefits of such an approach? Are there any possible arguments against using inheritance in this case? Be sure to specify what factors could influence your decision.","[0.453575074672699, 0.462429940700531, 0.4676533341407776, 0.4792173504829407, 0.4822969436645508, 0.49164795875549316, 0.501101016998291, 0.532822847366333, 0.5357080698013306, 0.5369556546211243, 0.5409888029098511, 0.5458943843841553, 0.5532165169715881, 0.554608941078186, 0.555505096912384, 0.5558767318725586, 0.5571856498718262, 0.5615248084068298, 0.5635859370231628, 0.5682591199874878, 0.5699748992919922, 0.5716938376426697, 0.5775023698806763, 0.5776731967926025, 0.5782740116119385, 0.580193042755127, 0.5805637836456299, 0.5809651613235474, 0.5816589593887329, 0.5825484991073608]","[0.546424925327301, 0.537570059299469, 0.5323466658592224, 0.5207826495170593, 0.5177030563354492, 0.5083520412445068, 0.498898983001709, 0.467177152633667, 0.46429193019866943, 0.46304434537887573, 0.4590111970901489, 0.4541056156158447, 0.44678348302841187, 0.44539105892181396, 0.44449490308761597, 0.4441232681274414, 0.44281435012817383, 0.43847519159317017, 0.43641406297683716, 0.4317408800125122, 0.4300251007080078, 0.4283061623573303, 0.42249763011932373, 0.42232680320739746, 0.4217259883880615, 0.41980695724487305, 0.4194362163543701, 0.41903483867645264, 0.4183410406112671, 0.41745150089263916]","[46.64675, 45.762093, 38.87212, 38.282387, 36.92396, 36.457058, 36.031693, 35.919945, 35.773308, 35.516182, 34.95154, 34.946415, 34.792397, 34.596123, 34.506668, 34.30949, 34.072765, 33.610676, 33.269653, 33.24665, 33.080242, 32.744545, 32.58087, 32.547184, 32.403755, 32.245426, 32.160416, 32.06975, 32.035942, 31.9708]"
Section 6.7 discusses Chidamber and Kemerer’s metric of depth of inheritance. Why does it seem likely that a class that is deeper in the hierarchy is harder to understand and maintain than one that is less deep?,"[0.4400101900100708, 0.49297618865966797, 0.4991365671157837, 0.5060113072395325, 0.5087995529174805, 0.5093967914581299, 0.5107658505439758, 0.5115657448768616, 0.5259168148040771, 0.5265054106712341, 0.52785325050354, 0.5281829833984375, 0.5334808230400085, 0.5375667810440063, 0.5379446744918823, 0.5439337491989136, 0.5484848618507385, 0.5505162477493286, 0.5593476295471191, 0.5611160397529602, 0.5620867609977722, 0.5620894432067871, 0.5635769367218018, 0.565528392791748, 0.566423237323761, 0.5693677067756653, 0.5705888271331787, 0.5731582641601562, 0.575541615486145, 0.5778041481971741]","[0.5599898099899292, 0.507023811340332, 0.5008634328842163, 0.49398869276046753, 0.49120044708251953, 0.4906032085418701, 0.48923414945602417, 0.4884342551231384, 0.47408318519592285, 0.47349458932876587, 0.47214674949645996, 0.4718170166015625, 0.46651917695999146, 0.46243321895599365, 0.4620553255081177, 0.4560662508010864, 0.4515151381492615, 0.4494837522506714, 0.44065237045288086, 0.4388839602470398, 0.4379132390022278, 0.4379105567932129, 0.43642306327819824, 0.43447160720825195, 0.433576762676239, 0.4306322932243347, 0.4294111728668213, 0.42684173583984375, 0.424458384513855, 0.4221958518028259]","[48.754395, 42.275246, 33.678307, 27.814814, 22.655796, 22.259338, 21.180952, 21.108015, 21.031218, 20.893944, 20.534773, 19.744896, 19.661549, 19.361977, 18.416018, 18.410467, 18.130754, 17.376564, 17.313036, 17.25842, 17.124884, 16.941883, 16.318968, 15.907551, 15.678396, 15.430628, 15.244976, 15.162544, 15.145161, 14.990597]"
"A stack is a data structure used to store elements. A stack is a last - in, first - out data structure. That is, the last element placed on the stack is the first element that can be removed from the stack. Elements can be placed on or removed from the to p of the stack only. The allowable operations for a stack are empty, full, push, pop and top. The empty operation returns true if there are no elements in the stack, false otherwise. The full operation returns true if the stack is filled to capaci ty, false otherwise. The push operation takes an element as an argument and places the element on top of the stack, if the stack is not full. If the stack is full, the push operation returns an error. The pop operation removes an element from the top of the stack, if the stack is not empty. If the stack is empty, the pop operation returns an error, otherwise, the top element is returned. The top operation returns the element on the top of the stack without removing the element from the stack, if the stack is not empty. The top operation returns an error if the stack is empty. Use an array to implement a stack data structure whose elements are integers. The stack may contain a maximum of 100 elements. Keep in mind the guidelines for programming style that were presented in this chapter.","[0.5708519220352173, 0.5882089138031006, 0.6152820587158203, 0.6158371567726135, 0.6173075437545776, 0.6418798565864563, 0.6431782245635986, 0.6485474705696106, 0.6598121523857117, 0.6606098413467407, 0.6665425300598145, 0.6694355607032776, 0.6728816628456116, 0.6748315691947937, 0.6766767501831055, 0.6769082546234131, 0.6799196600914001, 0.6802791357040405, 0.6823257207870483, 0.6866925358772278, 0.6868281960487366, 0.6872694492340088, 0.6890407800674438, 0.6892133951187134, 0.690656304359436, 0.6941723227500916, 0.6949314475059509, 0.6954821348190308, 0.6955938339233398, 0.6976768374443054]","[0.4291480779647827, 0.4117910861968994, 0.3847179412841797, 0.3841628432273865, 0.38269245624542236, 0.3581201434135437, 0.35682177543640137, 0.3514525294303894, 0.34018784761428833, 0.3393901586532593, 0.33345746994018555, 0.3305644392967224, 0.3271183371543884, 0.3251684308052063, 0.32332324981689453, 0.3230917453765869, 0.32008033990859985, 0.3197208642959595, 0.31767427921295166, 0.3133074641227722, 0.3131718039512634, 0.3127305507659912, 0.31095921993255615, 0.3107866048812866, 0.30934369564056396, 0.30582767724990845, 0.3050685524940491, 0.30451786518096924, 0.30440616607666016, 0.3023231625556946]","[66.179375, 64.6349, 52.199326, 46.994816, 41.791264, 41.529182, 41.32737, 41.011806, 40.683167, 40.39348, 40.279274, 39.865173, 38.171234, 38.065586, 37.944607, 37.626278, 37.206497, 36.56088, 36.51485, 35.41401, 34.835373, 34.809776, 34.45635, 34.371803, 34.207844, 33.935333, 33.679382, 33.291916, 33.287827, 33.220123]"
One difficulty with reuse is selecting an appropriate component. Describe a strategy for finding a reusable component. What guidelines or styles would help in the process of selecting a component for reuse?,"[0.2642028331756592, 0.3311169147491455, 0.3336414694786072, 0.3404989242553711, 0.3809048533439636, 0.38609713315963745, 0.387462854385376, 0.3899444341659546, 0.39446234703063965, 0.39647436141967773, 0.40535831451416016, 0.411041259765625, 0.4138638973236084, 0.42017585039138794, 0.43221938610076904, 0.43318212032318115, 0.4352900981903076, 0.43795710802078247, 0.4611390233039856, 0.4692709445953369, 0.4771847128868103, 0.4838904142379761, 0.48429250717163086, 0.494202196598053, 0.4946402311325073, 0.5030615329742432, 0.5072165131568909, 0.5076391100883484, 0.5096431374549866, 0.5098671913146973]","[0.7357971668243408, 0.6688830852508545, 0.6663585305213928, 0.6595010757446289, 0.6190951466560364, 0.6139028668403625, 0.612537145614624, 0.6100555658340454, 0.6055376529693604, 0.6035256385803223, 0.5946416854858398, 0.588958740234375, 0.5861361026763916, 0.5798241496086121, 0.567780613899231, 0.5668178796768188, 0.5647099018096924, 0.5620428919792175, 0.5388609766960144, 0.5307290554046631, 0.5228152871131897, 0.5161095857620239, 0.5157074928283691, 0.505797803401947, 0.5053597688674927, 0.49693846702575684, 0.49278348684310913, 0.4923608899116516, 0.4903568625450134, 0.49013280868530273]","[27.375343, 22.187511, 21.635813, 20.790575, 20.258753, 19.339104, 18.962975, 18.351593, 18.317385, 17.739141, 17.305609, 17.298647, 16.99559, 16.977016, 16.895031, 16.499504, 16.48182, 16.276834, 16.234081, 16.192715, 16.016129, 16.00664, 15.989948, 15.937061, 15.886605, 15.87875, 15.842514, 15.816357, 15.722958, 15.627204]"
Explain the relationship between the design and implementation. Why is it important to match the implementation to the design? What would you do to keep the two consistent?,"[0.33745765686035156, 0.4273267388343811, 0.44688117504119873, 0.45221197605133057, 0.4527518153190613, 0.46274125576019287, 0.46508902311325073, 0.47035980224609375, 0.4736008644104004, 0.4750434160232544, 0.48329609632492065, 0.48502612113952637, 0.48511451482772827, 0.48661917448043823, 0.4870149493217468, 0.4879411458969116, 0.4885321259498596, 0.49161070585250854, 0.49346768856048584, 0.4940544366836548, 0.4952203631401062, 0.4953346252441406, 0.49600517749786377, 0.4963429570198059, 0.4969680905342102, 0.5007476210594177, 0.5018652081489563, 0.5019715428352356, 0.5029138326644897, 0.5046539902687073]","[0.6625423431396484, 0.5726732611656189, 0.5531188249588013, 0.5477880239486694, 0.5472481846809387, 0.5372587442398071, 0.5349109768867493, 0.5296401977539062, 0.5263991355895996, 0.5249565839767456, 0.5167039036750793, 0.5149738788604736, 0.5148854851722717, 0.5133808255195618, 0.5129850506782532, 0.5120588541030884, 0.5114678740501404, 0.5083892941474915, 0.5065323114395142, 0.5059455633163452, 0.5047796368598938, 0.5046653747558594, 0.5039948225021362, 0.5036570429801941, 0.5030319094657898, 0.4992523789405823, 0.4981347918510437, 0.4980284571647644, 0.49708616733551025, 0.4953460097312927]","[19.060236, 18.55765, 17.802156, 17.579487, 17.224731, 17.213018, 17.129025, 17.035948, 17.033026, 16.744438, 16.02612, 15.947921, 15.712001, 15.616375, 15.449171, 15.060237, 14.5798855, 14.51667, 14.062184, 13.882506, 13.726425, 13.636977, 13.621376, 13.51081, 13.499105, 13.474089, 13.399421, 13.350078, 13.228947, 13.209223]"
How does system testing differ from unit and integration testing?,"[0.35567599534988403, 0.37833189964294434, 0.3830111026763916, 0.38989198207855225, 0.3906630873680115, 0.3931969404220581, 0.3989673852920532, 0.40571922063827515, 0.4068417549133301, 0.4122328758239746, 0.41965073347091675, 0.4200950860977173, 0.4283110499382019, 0.42866528034210205, 0.4291353225708008, 0.4306715726852417, 0.4337620139122009, 0.4413120150566101, 0.44479990005493164, 0.44712376594543457, 0.4487560987472534, 0.4490739107131958, 0.45027077198028564, 0.4510698914527893, 0.45263564586639404, 0.45411020517349243, 0.4560483694076538, 0.45898258686065674, 0.4590455889701843, 0.45951783657073975]","[0.644324004650116, 0.6216681003570557, 0.6169888973236084, 0.6101080179214478, 0.6093369126319885, 0.6068030595779419, 0.6010326147079468, 0.5942807793617249, 0.5931582450866699, 0.5877671241760254, 0.5803492665290833, 0.5799049139022827, 0.5716889500617981, 0.571334719657898, 0.5708646774291992, 0.5693284273147583, 0.5662379860877991, 0.5586879849433899, 0.5552000999450684, 0.5528762340545654, 0.5512439012527466, 0.5509260892868042, 0.5497292280197144, 0.5489301085472107, 0.547364354133606, 0.5458897948265076, 0.5439516305923462, 0.5410174131393433, 0.5409544110298157, 0.5404821634292603]","[16.460032, 14.7717905, 14.538264, 13.512121, 13.4467125, 13.163679, 12.979062, 12.953312, 12.653219, 12.226764, 12.171612, 12.07265, 11.916558, 11.7211485, 11.556303, 11.318386, 11.298874, 11.135277, 10.3664, 10.261374, 10.06233, 10.044571, 9.8913765, 9.877421, 9.806041, 9.64498, 9.465372, 9.348117, 9.270171, 9.259589]"
What is the difference between verification and validation? Which types of testing address verification? Which types of testing address validation?,"[0.4337459206581116, 0.45280325412750244, 0.48053407669067383, 0.4971492290496826, 0.5047361850738525, 0.5144333839416504, 0.5460918545722961, 0.5783699154853821, 0.5842680335044861, 0.5844525694847107, 0.6003080010414124, 0.6020113825798035, 0.6067538857460022, 0.608271598815918, 0.6204821467399597, 0.6216148138046265, 0.6219760179519653, 0.6241961717605591, 0.6301339864730835, 0.6324415802955627, 0.6324595212936401, 0.6328408718109131, 0.6339643001556396, 0.6351367831230164, 0.6353196501731873, 0.6367054581642151, 0.6372132301330566, 0.6377743482589722, 0.638428807258606, 0.6408956050872803]","[0.5662540793418884, 0.5471967458724976, 0.5194659233093262, 0.5028507709503174, 0.49526381492614746, 0.4855666160583496, 0.45390814542770386, 0.4216300845146179, 0.4157319664955139, 0.4155474305152893, 0.39969199895858765, 0.39798861742019653, 0.3932461142539978, 0.39172840118408203, 0.3795178532600403, 0.37838518619537354, 0.37802398204803467, 0.3758038282394409, 0.3698660135269165, 0.36755841970443726, 0.36754047870635986, 0.3671591281890869, 0.36603569984436035, 0.36486321687698364, 0.36468034982681274, 0.3632945418357849, 0.36278676986694336, 0.36222565174102783, 0.36157119274139404, 0.3591043949127197]","[17.47873, 17.219408, 15.551678, 14.9997225, 14.537959, 13.794786, 13.050661, 12.780579, 12.569188, 12.554071, 12.126892, 11.754286, 11.268691, 10.807366, 10.692909, 10.622103, 10.523481, 10.332501, 10.179539, 10.113752, 10.092747, 10.032519, 9.954813, 9.945757, 9.658811, 9.605192, 9.442015, 9.407048, 9.344656, 9.287714]"
Describe the principles of Cleanroom and how it differs from conventional testing.,"[0.3512595295906067, 0.35917341709136963, 0.3993486166000366, 0.3999443054199219, 0.41006410121917725, 0.4165925979614258, 0.4266761541366577, 0.46520328521728516, 0.4842681884765625, 0.5177665948867798, 0.5311164855957031, 0.5374776721000671, 0.5383625626564026, 0.57457435131073, 0.5909969806671143, 0.5921630859375, 0.5984055995941162, 0.605635941028595, 0.6152145862579346, 0.61761075258255, 0.6192117929458618, 0.6248990297317505, 0.6284294724464417, 0.6311389207839966, 0.6340863108634949, 0.6350932121276855, 0.6353006958961487, 0.6396843791007996, 0.6426597237586975, 0.6437518000602722]","[0.6487404704093933, 0.6408265829086304, 0.6006513833999634, 0.6000556945800781, 0.5899358987808228, 0.5834074020385742, 0.5733238458633423, 0.5347967147827148, 0.5157318115234375, 0.4822334051132202, 0.4688835144042969, 0.46252232789993286, 0.4616374373435974, 0.42542564868927, 0.40900301933288574, 0.4078369140625, 0.4015944004058838, 0.39436405897140503, 0.38478541374206543, 0.38238924741744995, 0.3807882070541382, 0.3751009702682495, 0.37157052755355835, 0.3688610792160034, 0.3659136891365051, 0.36490678787231445, 0.3646993041038513, 0.36031562089920044, 0.3573402762413025, 0.3562481999397278]","[17.940876, 13.150562, 12.263083, 11.944272, 11.929233, 11.075884, 10.792575, 10.356679, 10.10951, 10.095353, 10.084572, 9.848212, 9.446523, 9.223069, 9.177381, 9.147706, 8.842401, 8.715976, 8.626717, 8.61611, 8.519928, 8.425827, 8.29315, 8.220393, 8.201509, 8.195975, 8.174637, 8.0770035, 8.069811, 8.013523]"
Read the press release and failure report for the Ariane - 5 Flight 501. An electronic copy of the failure report is available at http://www.esrin.esa.it/htdocs/tidc/Press/Press96/ariane5rep.html . The joint ESA/CNES press release is available at http://www.esrin.esa.it/htdocs/tidc/Pres/Press96/pres19.html . What kinds of tests might have exposed the problems that caused each of the failures?,"[0.39932751655578613, 0.42108267545700073, 0.42483341693878174, 0.4536588191986084, 0.46435827016830444, 0.4744715690612793, 0.4784550070762634, 0.48948532342910767, 0.5086257457733154, 0.5149161219596863, 0.5189153552055359, 0.5291623473167419, 0.5301705598831177, 0.5343235731124878, 0.5350413918495178, 0.5378265380859375, 0.5462134480476379, 0.5483942031860352, 0.564477264881134, 0.5795834064483643, 0.5847339630126953, 0.5944828987121582, 0.5947757959365845, 0.5958792567253113, 0.5963354706764221, 0.6077357530593872, 0.6095730066299438, 0.6163569092750549, 0.6196842193603516, 0.6259467601776123]","[0.6006724834442139, 0.5789173245429993, 0.5751665830612183, 0.5463411808013916, 0.5356417298316956, 0.5255284309387207, 0.5215449929237366, 0.5105146765708923, 0.49137425422668457, 0.4850838780403137, 0.4810846447944641, 0.47083765268325806, 0.4698294401168823, 0.4656764268875122, 0.4649586081504822, 0.4621734619140625, 0.45378655195236206, 0.45160579681396484, 0.43552273511886597, 0.42041659355163574, 0.4152660369873047, 0.4055171012878418, 0.4052242040634155, 0.4041207432746887, 0.4036645293235779, 0.3922642469406128, 0.39042699337005615, 0.38364309072494507, 0.38031578063964844, 0.3740532398223877]","[139.09697, 42.459244, 35.65817, 33.977062, 32.29923, 30.61406, 30.071836, 30.058086, 27.925783, 27.502388, 25.353588, 25.19105, 25.16776, 24.875164, 24.83628, 23.703718, 23.6683, 23.405323, 23.06471, 22.994667, 22.824173, 22.542156, 22.337923, 22.074518, 21.95245, 21.921425, 21.629658, 20.937326, 20.619987, 20.49936]"
What kinds of training aids and resources would be useful for users with little or no computer experience?  Give examples of aids or documentation meant for novice users.,"[0.36464428901672363, 0.40194451808929443, 0.44684433937072754, 0.45965540409088135, 0.46313852071762085, 0.4753580093383789, 0.48177218437194824, 0.48331964015960693, 0.4944153428077698, 0.502795398235321, 0.5075061321258545, 0.5078204274177551, 0.5098280310630798, 0.5129830837249756, 0.5178385972976685, 0.5254932641983032, 0.5341604351997375, 0.5357738733291626, 0.5418351888656616, 0.5530576705932617, 0.5536821484565735, 0.5651035904884338, 0.5671043395996094, 0.5682996511459351, 0.5716250538825989, 0.572217583656311, 0.5725945234298706, 0.6035288572311401, 0.6098140478134155, 0.6130357980728149]","[0.6353557109832764, 0.5980554819107056, 0.5531556606292725, 0.5403445959091187, 0.5368614792823792, 0.5246419906616211, 0.5182278156280518, 0.5166803598403931, 0.5055846571922302, 0.49720460176467896, 0.4924938678741455, 0.4921795725822449, 0.49017196893692017, 0.4870169162750244, 0.48216140270233154, 0.4745067358016968, 0.46583956480026245, 0.4642261266708374, 0.4581648111343384, 0.4469423294067383, 0.4463178515434265, 0.43489640951156616, 0.4328956604003906, 0.43170034885406494, 0.4283749461174011, 0.42778241634368896, 0.4274054765701294, 0.39647114276885986, 0.3901859521865845, 0.38696420192718506]","[22.34268, 21.937487, 21.09033, 20.640202, 20.147966, 19.255993, 18.89517, 18.795094, 18.16983, 17.930134, 17.412548, 17.354893, 17.11058, 17.091543, 16.643494, 16.57523, 16.531906, 16.519335, 16.21505, 16.20509, 15.851378, 15.531677, 15.38862, 15.09406, 15.023132, 14.978992, 14.551746, 14.406004, 14.188028, 14.122234]"
Suppose a system has functions that are rarely executed by users or operators.  What types of resources would be appropriate for these rarely used functions?,"[0.47836023569107056, 0.5013387799263, 0.5067932605743408, 0.5181074738502502, 0.5244065523147583, 0.527711033821106, 0.5329328775405884, 0.5459378361701965, 0.5502256155014038, 0.5505954027175903, 0.5524206161499023, 0.5531882047653198, 0.5533834099769592, 0.560642421245575, 0.5607801675796509, 0.5633366107940674, 0.5652713775634766, 0.5679519772529602, 0.5690892934799194, 0.5699499845504761, 0.5717241764068604, 0.5741488933563232, 0.5766198635101318, 0.5775116086006165, 0.5776036977767944, 0.5778191089630127, 0.578565239906311, 0.5787934064865112, 0.5795868039131165, 0.5796568393707275]","[0.5216397643089294, 0.49866122007369995, 0.4932067394256592, 0.48189252614974976, 0.4755934476852417, 0.47228896617889404, 0.4670671224594116, 0.45406216382980347, 0.4497743844985962, 0.44940459728240967, 0.44757938385009766, 0.4468117952346802, 0.44661659002304077, 0.43935757875442505, 0.4392198324203491, 0.4366633892059326, 0.43472862243652344, 0.4320480227470398, 0.43091070652008057, 0.4300500154495239, 0.42827582359313965, 0.42585110664367676, 0.42338013648986816, 0.42248839139938354, 0.42239630222320557, 0.4221808910369873, 0.42143476009368896, 0.42120659351348877, 0.42041319608688354, 0.42034316062927246]","[25.218607, 24.336725, 21.084925, 20.16379, 19.770895, 19.154922, 18.883862, 18.413586, 18.36126, 18.086014, 18.067314, 17.8862, 17.800676, 17.596937, 17.473078, 17.342491, 16.960249, 16.730406, 16.459068, 16.358, 16.242252, 16.224062, 15.997344, 15.86437, 15.476862, 15.472225, 15.254147, 15.048134, 15.0014305, 14.982924]"
"Often, the training and documentation needs for novice users are very different from the needs of expert users.  Give examples of cases where training aids or documentation for one user group are inappropriate for the other.","[0.39529597759246826, 0.40639376640319824, 0.4245573878288269, 0.4289499521255493, 0.43507468700408936, 0.4353979825973511, 0.45263051986694336, 0.4596530795097351, 0.4604647159576416, 0.46164894104003906, 0.47545987367630005, 0.47948282957077026, 0.48104995489120483, 0.48475050926208496, 0.486438512802124, 0.48917460441589355, 0.49303513765335083, 0.495841920375824, 0.49812769889831543, 0.5142476558685303, 0.5149542689323425, 0.5206854343414307, 0.5298048257827759, 0.5329608917236328, 0.5349152684211731, 0.5423185229301453, 0.5436089634895325, 0.5541326403617859, 0.5559749007225037, 0.5563623905181885]","[0.6047040224075317, 0.5936062335968018, 0.5754426121711731, 0.5710500478744507, 0.5649253129959106, 0.5646020174026489, 0.5473694801330566, 0.5403469204902649, 0.5395352840423584, 0.5383510589599609, 0.5245401263237, 0.5205171704292297, 0.5189500451087952, 0.515249490737915, 0.513561487197876, 0.5108253955841064, 0.5069648623466492, 0.504158079624176, 0.5018723011016846, 0.4857523441314697, 0.48504573106765747, 0.47931456565856934, 0.4701951742172241, 0.4670391082763672, 0.4650847315788269, 0.45768147706985474, 0.45639103651046753, 0.4458673596382141, 0.44402509927749634, 0.4436376094818115]","[29.874329, 26.51187, 25.45529, 23.806215, 23.626677, 22.648836, 22.20261, 21.766302, 21.495733, 21.174417, 20.888577, 20.479473, 20.458748, 20.237713, 20.161036, 20.135736, 19.92399, 19.695992, 19.044682, 18.908146, 18.742453, 18.650118, 18.40952, 18.344133, 18.221836, 17.9485, 17.669584, 17.640892, 17.61859, 17.553417]"
"The “Millenium Bug” or “Y2K problem” is perhaps the most infamous software maintenance problem. Many computer systems represent the year as only two digits and are expected to have problems in the year 2000, when the value for the new year (“00”) is suddenly less rather than greater than the value for the previous year (“99”). Find a discussion of the Y2K problem written for nonscientists, for example, in a newspaper or popular magazine. How many of the maintenance problems listed in section 11.3 are accurately presented in the article? Are there issues in section 11.3 that contribute to the Y2K problem but are not given in the article?","[0.428272545337677, 0.48027288913726807, 0.48068028688430786, 0.49315857887268066, 0.49723386764526367, 0.5043337345123291, 0.5157941579818726, 0.522803008556366, 0.5275023579597473, 0.5288431644439697, 0.5327721834182739, 0.5450361967086792, 0.5457361936569214, 0.5463442802429199, 0.5487796664237976, 0.5533448457717896, 0.5564366579055786, 0.5591096878051758, 0.5613137483596802, 0.5615885257720947, 0.5661375522613525, 0.5663335919380188, 0.5681649446487427, 0.5683557987213135, 0.5693750977516174, 0.5716382265090942, 0.5719865560531616, 0.5731799602508545, 0.5737907886505127, 0.5762636065483093]","[0.571727454662323, 0.5197271108627319, 0.5193197131156921, 0.5068414211273193, 0.5027661323547363, 0.4956662654876709, 0.48420584201812744, 0.47719699144363403, 0.4724976420402527, 0.4711568355560303, 0.4672278165817261, 0.4549638032913208, 0.4542638063430786, 0.4536557197570801, 0.4512203335762024, 0.44665515422821045, 0.4435633420944214, 0.4408903121948242, 0.4386862516403198, 0.4384114742279053, 0.43386244773864746, 0.4336664080619812, 0.4318350553512573, 0.4316442012786865, 0.43062490224838257, 0.42836177349090576, 0.4280134439468384, 0.4268200397491455, 0.4262092113494873, 0.4237363934516907]","[36.34346, 35.866806, 35.731987, 34.98379, 34.7187, 34.128834, 31.338268, 31.049809, 30.902454, 30.555693, 30.555523, 30.203058, 30.193739, 30.146368, 30.107754, 30.057575, 29.60244, 29.498405, 29.403784, 29.155525, 28.74451, 28.695961, 28.679531, 28.386385, 27.93319, 27.917011, 27.726822, 27.711422, 27.569805, 27.214561]"
"The Software Engineering Laboratory (SEL) at NASA's Goddard Space Flight Center collects data from all phases of its software development projects. When users fill out failure reports, they are asked to indicate the severity of the defect according to the following scale: major defect with no workaround; major defect, but workaround exists; cosmetic defect. How can this information be used to help the SEL understand its maintenance process better?","[0.3956422805786133, 0.4199686050415039, 0.4462655782699585, 0.446586012840271, 0.44990628957748413, 0.45280230045318604, 0.45284324884414673, 0.4538058638572693, 0.45455121994018555, 0.4601169228553772, 0.46692168712615967, 0.4684438705444336, 0.4691503047943115, 0.4725613594055176, 0.4764636754989624, 0.4797500967979431, 0.4859168529510498, 0.48611581325531006, 0.4861341714859009, 0.48729407787323, 0.4876450300216675, 0.489488422870636, 0.49080342054367065, 0.4942789673805237, 0.49589431285858154, 0.49767541885375977, 0.49838417768478394, 0.5041363835334778, 0.50501549243927, 0.5060323476791382]","[0.6043577194213867, 0.5800313949584961, 0.5537344217300415, 0.553413987159729, 0.5500937104225159, 0.547197699546814, 0.5471567511558533, 0.5461941361427307, 0.5454487800598145, 0.5398830771446228, 0.5330783128738403, 0.5315561294555664, 0.5308496952056885, 0.5274386405944824, 0.5235363245010376, 0.5202499032020569, 0.5140831470489502, 0.5138841867446899, 0.5138658285140991, 0.51270592212677, 0.5123549699783325, 0.510511577129364, 0.5091965794563293, 0.5057210326194763, 0.5041056871414185, 0.5023245811462402, 0.5016158223152161, 0.4958636164665222, 0.49498450756073, 0.4939676523208618]","[50.08784, 41.62408, 38.76959, 34.763557, 33.36058, 32.87511, 32.67567, 32.14658, 31.204407, 30.997717, 30.973196, 30.939686, 30.255438, 29.572292, 29.516218, 29.019543, 28.298885, 27.742382, 27.611336, 27.500494, 27.327564, 27.179102, 27.067776, 27.007736, 26.848433, 26.829613, 26.773092, 26.77148, 26.676153, 26.529612]"
"Maintenance is an area of great interest to software engineering researchers. Conferences and workshops such as ICSM (the International Conference on Software Maintenance) and WESS (the Workshop on Empirical Studies of Software maintenance) are devoted exclusively to maintenance issues, as is the Journal of Software Maintenance. Review a recent conference proceedings or journal issue and summarize the types of problems maintenance research addresses.","[0.2717825174331665, 0.32375943660736084, 0.3859293460845947, 0.4073168635368347, 0.4081023931503296, 0.41352659463882446, 0.41523104906082153, 0.41735535860061646, 0.41946035623550415, 0.4257712960243225, 0.43671977519989014, 0.43705594539642334, 0.4393209218978882, 0.4410683512687683, 0.4445153474807739, 0.4457906484603882, 0.4486549496650696, 0.45016759634017944, 0.4533393979072571, 0.45536428689956665, 0.45670562982559204, 0.45713698863983154, 0.459322452545166, 0.4607280492782593, 0.46392297744750977, 0.46550482511520386, 0.46990954875946045, 0.46996796131134033, 0.47138750553131104, 0.4770292043685913]","[0.7282174825668335, 0.6762405633926392, 0.6140706539154053, 0.5926831364631653, 0.5918976068496704, 0.5864734053611755, 0.5847689509391785, 0.5826446413993835, 0.5805396437644958, 0.5742287039756775, 0.5632802248001099, 0.5629440546035767, 0.5606790781021118, 0.5589316487312317, 0.5554846525192261, 0.5542093515396118, 0.5513450503349304, 0.5498324036598206, 0.5466606020927429, 0.5446357131004333, 0.543294370174408, 0.5428630113601685, 0.540677547454834, 0.5392719507217407, 0.5360770225524902, 0.5344951748847961, 0.5300904512405396, 0.5300320386886597, 0.528612494468689, 0.5229707956314087]","[65.5838, 62.3947, 50.596443, 50.11421, 43.865738, 43.38636, 40.8552, 38.950813, 38.463467, 38.095013, 37.14876, 36.351448, 35.952175, 35.94701, 35.86332, 35.620716, 35.53047, 35.459465, 34.147095, 33.833355, 33.0326, 32.72697, 32.047523, 31.82287, 31.752426, 31.536602, 31.053766, 29.893856, 29.276619, 28.955427]"
"Researchers with the Institute for Information Technology of the National Research Council, Canada, study maintenance by observing th e work practices of software engineers who are engaged in maintenance projects. A paper by Janice Singer and Timothy Lethbridge summarizes the methods they use to collect this type of data. (J. Singer, T. Lethbridge (1996). “Methods for Studying Maintenanc e Activities.” In Proceedings of the International Workshop on Empirical Studies of Software Maintenance, Monterey, CA. Also available at http://wwwsel.iit.nrc.ca/projects/easse/). Summarize this paper from the viewpoint of a software maintainer. How disru ptive are the data collection methods likely to be to the maintainer's work practices? What does the maintainer stand to gain by participating in such a study?","[0.30819523334503174, 0.3539680242538452, 0.36432021856307983, 0.3725700378417969, 0.3728579878807068, 0.3787071704864502, 0.3897850513458252, 0.39037513732910156, 0.3905593752861023, 0.3917231559753418, 0.39299696683883667, 0.40019071102142334, 0.40298140048980713, 0.4064755439758301, 0.40688031911849976, 0.4077262878417969, 0.4085206985473633, 0.4165096879005432, 0.42044246196746826, 0.42120546102523804, 0.4217360019683838, 0.4282589554786682, 0.4318525791168213, 0.4332137107849121, 0.4386674761772156, 0.4394669532775879, 0.440149188041687, 0.4439350366592407, 0.4457441568374634, 0.45311135053634644]","[0.6918047666549683, 0.6460319757461548, 0.6356797814369202, 0.6274299621582031, 0.6271420121192932, 0.6212928295135498, 0.6102149486541748, 0.6096248626708984, 0.6094406247138977, 0.6082768440246582, 0.6070030331611633, 0.5998092889785767, 0.5970185995101929, 0.5935244560241699, 0.5931196808815002, 0.5922737121582031, 0.5914793014526367, 0.5834903120994568, 0.5795575380325317, 0.578794538974762, 0.5782639980316162, 0.5717410445213318, 0.5681474208831787, 0.5667862892150879, 0.5613325238227844, 0.5605330467224121, 0.559850811958313, 0.5560649633407593, 0.5542558431625366, 0.5468886494636536]","[54.52664, 54.317257, 53.042034, 51.180855, 50.40215, 50.18887, 48.994923, 48.578743, 48.445637, 46.61081, 46.387623, 46.090904, 45.70199, 45.564518, 45.12328, 45.011757, 44.769573, 43.972466, 43.674774, 43.452587, 42.150433, 42.07303, 42.02419, 41.510864, 40.962055, 39.667057, 39.09653, 39.04067, 38.88788, 37.68315]"
"Revisit the program you wrote for exercise 1, Chapter 7.  Change the underlying data structure o f the stack to a linked list rather than an array, and the data type of the stack elements to a string rather than an integer. How hard was this to do? On what types of activities did you spend your time? Critique your earlier program in terms of maintenan ce effort, paying attention to ideas such as comments, modularity, encapsulation, and others that affected the ease or difficulty of this task.","[0.36576807498931885, 0.44551360607147217, 0.4475255012512207, 0.4596453905105591, 0.4634615182876587, 0.4637780785560608, 0.4668757915496826, 0.47083115577697754, 0.4724452495574951, 0.47976934909820557, 0.48069286346435547, 0.4820175766944885, 0.48718923330307007, 0.48887866735458374, 0.49141454696655273, 0.49286311864852905, 0.4947130084037781, 0.5006484389305115, 0.5033124685287476, 0.50398850440979, 0.5069932341575623, 0.5082244873046875, 0.50978684425354, 0.5110377669334412, 0.5126165151596069, 0.5132831931114197, 0.520606279373169, 0.5208885073661804, 0.521144688129425, 0.5221656560897827]","[0.6342319250106812, 0.5544863939285278, 0.5524744987487793, 0.5403546094894409, 0.5365384817123413, 0.5362219214439392, 0.5331242084503174, 0.5291688442230225, 0.5275547504425049, 0.5202306509017944, 0.5193071365356445, 0.5179824233055115, 0.5128107666969299, 0.5111213326454163, 0.5085854530334473, 0.507136881351471, 0.5052869915962219, 0.4993515610694885, 0.49668753147125244, 0.49601149559020996, 0.49300676584243774, 0.4917755126953125, 0.49021315574645996, 0.48896223306655884, 0.48738348484039307, 0.4867168068885803, 0.47939372062683105, 0.4791114926338196, 0.47885531187057495, 0.4778343439102173]","[41.904095, 40.548523, 39.309776, 38.497375, 38.191887, 37.87836, 37.430847, 36.220802, 33.86724, 33.85448, 33.066654, 32.77899, 32.608803, 32.361813, 30.992964, 30.78366, 30.737555, 30.520214, 30.007595, 29.990335, 29.961582, 29.878477, 29.785538, 29.313782, 29.082119, 28.892027, 28.870123, 28.712154, 28.674778, 28.243103]"
"In the key references section of this chapter, it is noted that the journal Empirical Software Engineering publishes not only descriptions of empirical studies, but data from these studies as well. What do you think are some of the benefits to other researchers of having access to the data? Are there any benefits to practitioners?","[0.40598833560943604, 0.43400830030441284, 0.43446624279022217, 0.4484577178955078, 0.45910733938217163, 0.4674416780471802, 0.4703291058540344, 0.47083574533462524, 0.4710937738418579, 0.4738198518753052, 0.4748460650444031, 0.48196935653686523, 0.48357653617858887, 0.4845046401023865, 0.48501068353652954, 0.491701602935791, 0.4920610785484314, 0.4936552047729492, 0.49670732021331787, 0.4984648823738098, 0.4990661144256592, 0.49977362155914307, 0.5022459030151367, 0.5046112537384033, 0.5077263712882996, 0.5092141628265381, 0.5136923789978027, 0.5158368945121765, 0.5168247818946838, 0.5188809037208557]","[0.594011664390564, 0.5659916996955872, 0.5655337572097778, 0.5515422821044922, 0.5408926606178284, 0.5325583219528198, 0.5296708941459656, 0.5291642546653748, 0.5289062261581421, 0.5261801481246948, 0.5251539349555969, 0.5180306434631348, 0.5164234638214111, 0.5154953598976135, 0.5149893164634705, 0.508298397064209, 0.5079389214515686, 0.5063447952270508, 0.5032926797866821, 0.5015351176261902, 0.5009338855743408, 0.5002263784408569, 0.4977540969848633, 0.4953887462615967, 0.49227362871170044, 0.4907858371734619, 0.48630762100219727, 0.4841631054878235, 0.48317521810531616, 0.4811190962791443]","[53.003902, 39.543015, 36.83359, 36.464478, 34.272205, 33.507492, 29.983894, 29.599892, 29.21468, 28.372116, 27.91315, 27.87836, 27.57122, 26.863735, 26.8496, 26.772291, 26.259312, 25.61656, 25.378092, 25.36592, 25.151909, 25.142042, 25.122013, 25.108168, 24.43114, 24.248367, 23.958298, 23.83618, 23.817451, 23.675596]"
"Give an example, from a previous programming project, of when you engaged in black - box reuse. What are some of the benefits that can be expected from black - box reuse?  What are some drawbacks? Give an example of a system for which black - box reuse would not h ave been appropriate.","[0.35718876123428345, 0.3576611280441284, 0.41055190563201904, 0.4125242233276367, 0.419384241104126, 0.43064701557159424, 0.4353440999984741, 0.43905580043792725, 0.4464797377586365, 0.44755446910858154, 0.45556747913360596, 0.4567975401878357, 0.4689730405807495, 0.46926140785217285, 0.4725154638290405, 0.47944414615631104, 0.48327165842056274, 0.48403602838516235, 0.49018287658691406, 0.4922994375228882, 0.4925652742385864, 0.49885088205337524, 0.49947023391723633, 0.5039485096931458, 0.5102953910827637, 0.5133848786354065, 0.5142218470573425, 0.5151615142822266, 0.5165526866912842, 0.521692156791687]","[0.6428112387657166, 0.6423388719558716, 0.589448094367981, 0.5874757766723633, 0.580615758895874, 0.5693529844284058, 0.5646559000015259, 0.5609441995620728, 0.5535202622413635, 0.5524455308914185, 0.544432520866394, 0.5432024598121643, 0.5310269594192505, 0.5307385921478271, 0.5274845361709595, 0.520555853843689, 0.5167283415794373, 0.5159639716148376, 0.5098171234130859, 0.5077005624771118, 0.5074347257614136, 0.5011491179466248, 0.5005297660827637, 0.49605149030685425, 0.48970460891723633, 0.4866151213645935, 0.48577815294265747, 0.48483848571777344, 0.4834473133087158, 0.478307843208313]","[31.520828, 26.516598, 25.552082, 24.72529, 23.072376, 22.73341, 22.439447, 22.423405, 22.201279, 20.917635, 20.765446, 20.686094, 20.622244, 20.321274, 20.261389, 20.030392, 19.904982, 19.63265, 19.602877, 19.592573, 19.54533, 19.442772, 19.406416, 19.35844, 19.225346, 19.205362, 19.167944, 19.065405, 18.725403, 18.59023]"
