question,context,initial_answer,answer,retrieve_time_sec,generate_time_sec
What is software engineering and how does it fit into computer science?,"
[0]
[SECTION]: Why Software Engineering? > 1.1 What Is Software Engineering? > Where Does the Software Engineer Fit In?
[CONTENT]: To understand how a software engineer fits into the computer science world, let us look to another discipline for an example. Consider the study of chemistry and its use to solve problems. The chemist investigates chemicals: their structure, their interactions, and  the  theory  behind  their  behavior. Chemical  engineers  apply  the  results  of  the chemist's studies to a variety of problems. Chemistry as viewed by chemists is the object of study. On the other hand, for a chemical engineer, chemistry is a tool to be used to address a general problem (which may not even be 'chemical' in nature).
We can view computing in a similar light. We can concentrate on the computers and programming languages, or we can view them as tools to be used in designing and implementing a solution to a problem. Software engineering takes the latter view, as shown in  Figure  1.3. Instead  of  investigating  hardware  design  or  proving  theorems about how algorithms work,a software engineer focuses on the computer as a problemsolving tool. We will see later in this chapter that a software engineer works with the functions of a computer as part of a general solution, rather than with the structure or theory of the computer itself.
","[
  {
    ""role"": ""paragraph"",
    ""segment"": ""Software engineering takes the latter view of computing: it focuses on the computer as a problem-solving tool and uses computing as a means to design and implement solutions to general problems, rather than solely examining hardware design or proving theorems about algorithms."",
    ""citations"": [
      {
        ""type"": ""source_text"",
        ""content"": ""We can view computing in a similar light. We can concentrate on the computers and programming languages, or we can view them as tools to be used in designing and implementing a solution to a problem."",
        ""img_id"": null
      },
      {
        ""type"": ""source_text"",
        ""content"": ""Software engineering takes the latter view, as shown in Figure 1.3. Instead of investigating hardware design or proving theorems about how algorithms work, a software engineer focuses on the computer as a problem-solving tool."",
        ""img_id"": null
      },
      {
        ""type"": ""source_text"",
        ""content"": ""We will see later in this chapter that a software engineer works with the functions of a computer as part of a general solution, rather than with the structure or theory of the computer itself."",
        ""img_id"": null
      }
    ],
    ""type"": null
  }
]","Software engineering takes the latter view of computing: it focuses on the computer as a problem-solving tool and uses computing as a means to design and implement solutions to general problems, rather than solely examining hardware design or proving theorems about algorithms.",3.264,9.933
What is the difference between technical and business quality? Explain why each is important.,,"[
  {
    ""role"": ""paragraph"",
    ""segment"": ""The chatbot can't answer this question. Please try again with another question."",
    ""citations"": [],
    ""type"": ""abstained""
  }
]",The chatbot can't answer this question. Please try again with another question.,0.934,4.792
Give two or three examples of fail ures you have encountered while using software.  Describe how these failures affected the quality of the software product.,,"[
    {
        ""role"": ""paragraph"",
        ""segment"": ""The chatbot can't answer this question. Please try again with another question."",
        ""citations"": [],
        ""type"": ""abstained""
    }
]",The chatbot can't answer this question. Please try again with another question.,0.429,4.794
Examine failures that have occurred in software that you have written.  Identify and list the faults and errors that caused each failure.,,"[
  {
    ""role"": ""paragraph"",
    ""segment"": ""The chatbot can't answer this question. Please try again with another question."",
    ""citations"": [],
    ""type"": ""abstained""
  }
]",The chatbot can't answer this question. Please try again with another question.,0.528,3.567
"Look through several issues of software magazines (IEEE Computer and IEEE Software are good choices) from the 1970's, 1980's and recent issues.  Compare the types of problems and solutions described in the older issues with those described in the more  recent issues.",,"[
  {
    ""role"": ""paragraph"",
    ""segment"": ""The chatbot can't answer this question. Please try again with another question."",
    ""citations"": [],
    ""type"": ""abstained""
  }
]",The chatbot can't answer this question. Please try again with another question.,0.427,3.669
Describe the process you use to get to ready for class or work in the morning. Draw a diagram to capture the process.,,"[
  {
    ""role"": ""paragraph"",
    ""segment"": ""The chatbot can't answer this question. Please try again with another question."",
    ""citations"": [],
    ""type"": ""abstained""
  }
]",The chatbot can't answer this question. Please try again with another question.,0.448,3.137
"Describe three software development life - cycle models. For each, name the main activities performed, and the inputs and outputs of each activity. For each give an example of the kind of software development project where the life - cycle model would be well - suited, and an example of where the life - cycle model would be inappropriate; explain why.",,"[
    {
        ""role"": ""paragraph"",
        ""segment"": ""The chatbot can't answer this question. Please try again with another question."",
        ""citations"": [],
        ""type"": ""abstained""
    }
]",The chatbot can't answer this question. Please try again with another question.,0.429,3.366
What is the difference between static and dynamic modeling? Explain how each type of modeling is useful.,,"[
    {
        ""role"": ""paragraph"",
        ""segment"": ""The chatbot can't answer this question. Please try again with another question."",
        ""citations"": [],
        ""type"": ""abstained""
    }
]",The chatbot can't answer this question. Please try again with another question.,0.317,4.386
"Use the five desirable properties of process modeling tools and techniques identified by Curtis, Kellner and Over(1992) and presented in Section 2.4 of the textbook to evaluate one process modeling tool or technique. You may use an example from the book and/or consult outside sources.","
[0]
[SECTION]: Modeling the Process and Life Cycle > 2.4 Practical Process Modeling > Desirable Properties of Process Modeling Tools and Techniques
[CONTENT]: There are many process modeling tools and techniques, and researchers continue to work to determine which ones are most appropriate for a given situation. But there are some characteristics that are helpful, regardless of technique. Curtis, Kellner, and Over (1992) have identified five categories of desirable properties:
 - Facilitates  human understanding and communication. The technique should be able to represent the process in a form that most customers and developers can understand, encouraging communication about the process and agreement on its form and improvements. The technique should include sufficient information to allow one or more people to actually perform the process.And the model or tool should form a basis for training.
 - Supports process improvement. The technique should identify the essential components of a development or maintenance process. It should allow reuse of processes or  subprocesses  on  subsequent  projects, compare  alternatives, and  estimate  the impact of changes before the process is actually put into practice. Similarly, the technique should assist in selecting tools and techniques for the process, in encouraging organizational learning, and in supporting continuing evolution of the process.
 - Supports  process  management. The  technique  should  allow  the  process  to  be project-specific. Then, developers and customers should be able to reason about attributes of software creation or evolution. The technique should also support planning and forecasting, monitoring and managing the process, and measuring key process characteristics.
 - Provides automated guidance in performing the process. The technique should define all or part of the software development environment, provide guidance and suggestions, and retain reusable process representations for later use.
 - Supports automated process execution. The technique should automate all or part of  the  process, support  cooperative work, capture relevant measurement data, and enforce rules to ensure process integrity.


[1]
[SECTION]: Modeling the Process and Life Cycle > 2.4 Practical Process Modeling > Desirable Properties of Process Modeling Tools and Techniques
[CONTENT]: These characteristics can act as useful guidelines for selecting a process modeling technique for your development project. Item 4 is especially important if your organization is attempting to standardize its process; tools can help prompt developers about what to do next and provide gateways and checkpoints to assure that an artifact meets certain standards before the next steps are taken. For example, a tool can check a set of code components, evaluating their size and structure. If size or structure exceeds predefined limits, the developers can be notified before testing begins, and some components may be reviewed and perhaps redesigned.


[2]
[SECTION]: Modeling the Process and Life Cycle > 2.11 Key References > TABLE 2.3 ( continued )
[CONTENT]:  - iteration and feedback to earlier steps
 - user creativity
 - object and information management, as well as flow through the process
 - object structure, attributes, and interrelationships
 - organizational responsibility for specific tasks
 - physical communication mechanisms for information transfer
 - process measurements
 - temporal aspects (both absolute and relative)
 - tasks executed by humans
 - professional judgment or discretion
 - connection to narrative explanations
 - tasks invoked or executed by a tool
 - resource constraints and allocation, schedule determination
 - process modification and improvement
 - multiple levels of aggregation and parallelism Eighteen different process modeling techniques were applied to the common problem, and varying degrees of satisfaction were found with each one. The results are reported in Kellner and Rombach (1990).
Curtis, Kellner, and Over (1992) present a comprehensive survey of process modeling techniques and tools. The paper also summarizes basic language types and constructs and gives examples of process modeling approaches that use those language types.
Krasner et al. (1992) describe lessons learned when implementing a software process modeling system in a commercial environment.
Several Web sites contain information about process modeling.
 - The U.S. Software Engineering Institute (SEI) continues to investigate process modeling as part of its process improvement efforts.A list of its technical reports and activities can be found at http://www.sei.cmu.edu. The information at http:// www.sei.cmu.edu/collaborating/spins/ describes Software Process Improvement Networks, geographically-based groups of people interested in process improvement who often meet to hear speakers or discuss process-related issues.
 - The European Community has long sponsored research in process modeling and a process model language. Descriptions of current research projects are available at http://cordis.europa.eu/fp7/projects_en.html.
","[
  {
    ""role"": ""paragraph"",
    ""segment"": "" Curtis, Kellner, and Over identify five desirable properties of process modeling tools and techniques: Facilitates human understanding and communication; Supports process improvement; Supports process management; Provides automated guidance in performing the process; Supports automated process execution."",
    ""citations"": [
      {
        ""type"": ""source_text"",
        ""content"": ""There are many process modeling tools and techniques, and researchers continue to work to determine which ones are most appropriate for a given situation. But there are some characteristics that are helpful, regardless of technique. Curtis, Kellner, and Over (1992) have identified five categories of desirable properties:"",
        ""img_id"": null
      },
      {
        ""type"": ""source_text"",
        ""content"": ""- Facilitates  human understanding and communication. The technique should be able to represent the process in a form that most customers and developers can understand, encouraging communication about the process and agreement on its form and improvements. The technique should include sufficient information to allow one or more people to actually perform the process.And the model or tool should form a basis for training."",
        ""img_id"": null
      },
      {
        ""type"": ""source_text"",
        ""content"": ""- Supports process improvement. The technique should identify the essential components of a development or maintenance process. It should allow reuse of processes or  subprocesses  on  subsequent  projects, compare  alternatives, and  estimate  the impact of changes before the process is actually put into practice. Similarly, the technique should assist in selecting tools and techniques for the process, in encouraging organizational learning, and in supporting continuing evolution of the process."",
        ""img_id"": null
      },
      {
        ""type"": ""source_text"",
        ""content"": ""- Supports  process  management. The  technique  should  allow  the  process  to  be project-specific. Then, developers and customers should be able to reason about attributes of software creation or evolution. The technique should also support planning and forecasting, monitoring and managing the process, and measuring key process characteristics."",
        ""img_id"": null
      },
      {
        ""type"": ""source_text"",
        ""content"": ""- Provides automated guidance in performing the process. The technique should define all or part of the software development environment, provide guidance and suggestions, and retain reusable process representations for later use."",
        ""img_id"": null
      },
      {
        ""type"": ""source_text"",
        ""content"": ""- Supports automated process execution. The technique should automate all or part of  the  process, support  cooperative work, capture relevant measurement data, and enforce rules to ensure process integrity."",
        ""img_id"": null
      }
    ],
    ""type"": null
  },
  {
    ""role"": ""paragraph"",
    ""segment"": ""Evaluation example: use a tool that checks a set of code components, evaluating their size and structure, to illustrate how these properties can be applied in practice. Such a tool aligns with the notion of automated guidance and automated process execution by providing concrete checks and gateways (e.g., size/structure limits) before further steps like testing, review, or redesign."",
    ""citations"": [
      {
        ""type"": ""source_text"",
        ""content"": ""For example, a tool can check a set of code components, evaluating their size and structure."",
        ""img_id"": null
      }
    ]
  }
]","Curtis, Kellner, and Over identify five desirable properties of process modeling tools and techniques: Facilitates human understanding and communication; Supports process improvement; Supports process management; Provides automated guidance in performing the process; Supports automated process execution.

Evaluation example: use a tool that checks a set of code components, evaluating their size and structure, to illustrate how these properties can be applied in practice. Such a tool aligns with the notion of automated guidance and automated process execution by providing concrete checks and gateways (e.g., size/structure limits) before further steps like testing, review, or redesign.",0.42,9.52
Explain the difference between prescriptive and descriptive process models. What is the purpose for each? When is it appropriate to use each?,,"[
    {
        ""role"": ""paragraph"",
        ""segment"": ""The chatbot can't answer this question. Please try again with another question."",
        ""citations"": [],
        ""type"": ""abstained""
    }
]",The chatbot can't answer this question. Please try again with another question.,0.705,3.977
"Describe the process of getting a degree (bachelor's, master's or PhD) as a work breakdow n structure. Draw an activity graph for the process. What is the critical path?",,"[
    {
        ""role"": ""paragraph"",
        ""segment"": ""The chatbot can't answer this question. Please try again with another question."",
        ""citations"": [],
        ""type"": ""abstained""
    }
]",The chatbot can't answer this question. Please try again with another question.,0.475,4.66
Describe the organizational structure for your work environment. Classify the working styles of several of your co - workers. What are the advantages to this structure? Do y ou see any problems with the current structure?,,"[
    {
        ""role"": ""paragraph"",
        ""segment"": ""The chatbot can't answer this question. Please try again with another question."",
        ""citations"": [],
        ""type"": ""abstained""
    }
    ]",The chatbot can't answer this question. Please try again with another question.,0.417,7.045
"Discuss two techniques for making a prediction for effort. In particular, explain where during the development process the prediction is made, and when (if at all) the prediction is repeated.",,"[
  {
    ""role"": ""paragraph"",
    ""segment"": ""The chatbot can't answer this question. Please try again with another question."",
    ""citations"": [],
    ""type"": ""abstained""
  }
]",The chatbot can't answer this question. Please try again with another question.,0.532,3.478
"Any prediction generates an estimate, E, that can be compared eventually to an actual value, A. Name two values that can be calculated from E and A to help determine the accuracy of the estimating process. Define the two values and discuss how the values for each are used to tell us that a prediction is acceptable.",,"[
    {
        ""role"": ""paragraph"",
        ""segment"": ""The chatbot can't answer this question. Please try again with another question."",
        ""citations"": [],
        ""type"": ""abstained""
    }
]",The chatbot can't answer this question. Please try again with another question.,0.394,3.679
Describe two different size measures and the advantages and disadvantages of using each.,,"[
    {
        ""role"": ""paragraph"",
        ""segment"": ""The chatbot can't answer this question. Please try again with another question."",
        ""citations"": [],
        ""type"": ""abstained""
    }
]",The chatbot can't answer this question. Please try again with another question.,0.423,4.082
"Most of a system's requirements specify that the system should do what it is intended to do. Is it also appropri ate to specify that the system should not do what it is not intended to do? If your answer is no, explain why; if your answer is yes, give an example.",,"[
  {
    ""role"": ""paragraph"",
    ""segment"": ""The chatbot can't answer this question. Please try again with another question."",
    ""citations"": [],
    ""type"": ""abstained""
  }
]",The chatbot can't answer this question. Please try again with another question.,0.53,4.283
"Describe the different consumers of software requirements i.e. the different users, or types of users, o f a software requirements document). For each consumer, explain how he or she would use the requirements, and how the requirements should be documented to make them useful for this consumer.",,"[
    {
        ""role"": ""paragraph"",
        ""segment"": ""The chatbot can't answer this question. Please try again with another question."",
        ""citations"": [],
        ""type"": ""abstained""
    }
]",The chatbot can't answer this question. Please try again with another question.,0.526,4.695
"One source of problems in the requirements phase can be the rela tionship between system developers and their customers. What are some negative stereotypes customers may hold about developers? What could you, as a developer on a project, do to minimize the impact of those negative stereotypes?",,"[
    {
        ""role"": ""paragraph"",
        ""segment"": ""The chatbot can't answer this question. Please try again with another question."",
        ""citations"": [],
        ""type"": ""abstained""
    }
]",The chatbot can't answer this question. Please try again with another question.,0.428,3.873
"Download and read the Rob ertsons' requirements definition template (from http://www.atlsysguild.com). Write a short report in which you summarize for a software developer how he or she can use the template to validate requirements. Your report should address practical concerns abo ut how to use the template in the requirements process. For example, you should address questions such as: At what point in the requirements process can the template be helpful? What activities are necessary in order to use the template for validating requ irements? What skills will a developer have to possess in order to apply the template effectively? What types of errors and faults will the template help uncover?",,"[
    {
        ""role"": ""paragraph"",
        ""segment"": ""The chatbot can't answer this question. Please try again with another question."",
        ""citations"": [],
        ""type"": ""abstained""
    }
]",The chatbot can't answer this question. Please try again with another question.,0.522,3.471
"Pamela Zave has proposed a classification scheme for organizing the different types of rese arch that go on in the area of software requirements (P. Zave (1997). “Classification of research efforts in requirements engineering.” ACM Computing Surveys, 29(4): 315 - 321). Choose one of the categories she presents and write a brief (one paragraph) des cription of how research in this area is of use to software developers. Track down one of the papers she cites as an example of research in this category, and summarize the problem it addresses and the results it presents.",,"[
  {
    ""role"": ""paragraph"",
    ""segment"": ""The chatbot can't answer this question. Please try again with another question."",
    ""citations"": [],
    ""type"": ""abstained""
  }
]",The chatbot can't answer this question. Please try again with another question.,0.395,4.087
"The following statements describe modules in a (hypothetical) program. F or each, decide whether the module is likely to have a high or low degree of cohesion. If cohesion is low, explain why. a. Module “InventorySearchByID” searches the records in inventory to see if any match the specified range of ID numbers. A data structure is returned containing any matching records. b. Module “ProcessPurchase” removes the purchased product from inventory, prints a receipt for the customer and updates the log. c. Module “FindSet” processes the user's request, determine s the set of items from inventory that match the request, and formats the items into a list that can be shown to the customer.",,"[
  {
    ""role"": ""bullet"",
    ""segment"": ""InventorySearchByID likely has high cohesion because it performs a single related task: it searches the records in inventory to see if any match the specified range of ID numbers and returns a data structure containing any matching records."",
    ""citations"": [
      {
        ""type"": ""source_text"",
        ""content"": ""InventorySearchByID searches the records in inventory to see if any match the specified range of ID numbers."",
        ""img_id"": null
      },
      {
        ""type"": ""source_text"",
        ""content"": ""A data structure is returned containing any matching records."",
        ""img_id"": null
      }
    ],
    ""type"": null
  },
  {
    ""role"": ""bullet"",
    ""segment"": ""ProcessPurchase has low cohesion because it performs multiple unrelated tasks: removing the purchased product from inventory, printing a receipt for the customer, and updating the log."",
    ""citations"": [
      {
        ""type"": ""source_text"",
        ""content"": ""ProcessPurchase removes the purchased product from inventory, prints a receipt for the customer and updates the log."",
        ""img_id"": null
      }
    ],
    ""type"": null
  },
  {
    ""role"": ""bullet"",
    ""segment"": ""FindSet has low cohesion because it handles multiple responsibilities: processing the user's request, determining the set of items from inventory that match the request, and formatting the items into a displayable list for the customer."",
    ""citations"": [
      {
        ""type"": ""source_text"",
        ""content"": ""FindSet processes the user's request, determine s the set of items from inventory that match the request, and formats the items into a list that can be shown to the customer."",
        ""img_id"": null
      }
    ],
    ""type"": null
  }
]",The chatbot can't answer this question. Please try again with another question.,0.461,15.639
What does it mean to say that a design review should be “egoless”? Why are egoless reviews necessary? Suggest some s teps that may help achieve egoless reviews.,,"[
  {
    ""role"": ""paragraph"",
    ""segment"": ""The chatbot can't answer this question. Please try again with another question."",
    ""citations"": [],
    ""type"": ""abstained""
  }
]",The chatbot can't answer this question. Please try again with another question.,0.731,3.568
"Choose a software system that you use and for which there is some feature of the interface that you, as a user, dislike. Briefly describe the software and why you consider this feature of the interface to be a pr oblem. Speculate as to whether the problem could have been avoided during design. If so, what changes to the design process would have been necessary?",,"[
    {
        ""role"": ""paragraph"",
        ""segment"": ""The chatbot can't answer this question. Please try again with another question."",
        ""citations"": [],
        ""type"": ""abstained""
    }
]",The chatbot can't answer this question. Please try again with another question.,0.422,3.71
"Find a paper or book that deals with design patterns in more detail. Summarize briefly one of the patte rns presented; explain what it is useful for, when it can be used, and its effects on the rest of the program. What are some of the difficulties you might expect to encounter if using design patterns in practice?",,"[
    {
        ""role"": ""paragraph"",
        ""segment"": ""The chatbot can't answer this question. Please try again with another question."",
        ""citations"": [],
        ""type"": ""abstained""
    }
]",The chatbot can't answer this question. Please try again with another question.,0.51,4.779
"Read the account by Nancy Leveson and Clark Turner of the Therac - 25 accidents (N. Leveson and C. Turner (1993). “An investigation of the Therac - 25 accidents.” IEEE Computer, 26(7) (July): 18 - 41). Give a brief summary of some of the important lessons that can be learned for design.","
[0]
[SECTION]: Testing the System > 9.9 Testing Safety-Critical Systems > SIDEBAR 9.11 SAFETY AND THE THERAC-25
[CONTENT]: B etween June 1985 and January 1987, a radiation therapy machine known as the Therac-25 was involved in six known accidents, causing death and serious injury resulting from massive overdoses. Leveson and Turner (1993) describe the machine, the accidents, and the software  issues  in  great  detail, and  their  article  should  be  required  reading  for  systems  and software engineers who design and build safety-critical systems.
The  software  was  written  by  a  single  person, using  PDP-11  assembly  language  and reusing code from an earlier machine called the Therac-6. Some of the software was tested on a simulator, but most of it was tested as part of the larger system, using mostly integrated system tests (i.e., there was minimal unit and software testing).
Atomic Energy of Canada Limited (AECL) performed a safety analysis of the Therac25 system. AECL began with a failure modes and effects analysis to identify single failures leading to significant hazards. Then, to identify multiple failures and quantify the results, it performed a fault-tree analysis. Finally, it hired an outside consultant to perform detailed code inspections of the software functions related to the most serious hazards: electron-beam scanning, energy selection, beam shutoff, and dose calibration. The AECL final report recommended 10 changes to the Therac-25 hardware, including interlocks to back up software control of energy selection and electron-beam scanning.
Leveson and Turner (1993) describe how the underlying cause of the problems was a timing error that was difficult to reproduce. They point out that most computer-related accidents result from requirements faults, not from coding faults, and they list several basic software engineering principles that were violated by the Therac-25:
 - Documentation should be done as development progresses, not afterward.
 - Software quality assurance practices should be an integral part of the development process. These practices should include standards that are set early and used to evaluate intermediate products.
","[
    {
        ""role"": ""paragraph"",
        ""segment"": ""Some important design lessons from the Therac-25 account include recognizing that timing errors can be hard to reproduce and may underlie serious failures, and that many computer-related accidents arise from requirements faults rather than coding faults."",
        ""citations"": [
            {
                ""type"": ""source_text"",
                ""content"": ""They point out that most computer-related accidents result from requirements faults, not from coding faults, and they list several basic software engineering principles that were violated by the Therac-25:"",
                ""img_id"": null
            },
            {
                ""type"": ""source_text"",
                ""content"": ""The underlying cause of the problems was a timing error that was difficult to reproduce."",
                ""img_id"": null
            }
        ],
        ""type"": null
    },
    {
        ""role"": ""paragraph"",
        ""segment"": ""Design practices should emphasize early and ongoing documentation, integrated software quality assurance, and the use of standards established at the outset to evaluate intermediate products."",
        ""citations"": [
            {
                ""type"": ""source_text"",
                ""content"": ""Documentation should be done as development progresses, not afterward."",
                ""img_id"": null
            },
            {
                ""type"": ""source_text"",
                ""content"": ""Software quality assurance practices should be an integral part of the development process. These practices should include standards that are set early and used to evaluate intermediate products."",
                ""img_id"": null
            }
        ],
        ""type"": null
    },
    {
        ""role"": ""paragraph"",
        ""segment"": ""The case also highlights the value of redundant safety measures, as reflected in the AECL recommendation to add hardware interlocks to back up software control of energy selection and electron-beam scanning."",
        ""citations"": [
            {
                ""type"": ""source_text"",
                ""content"": ""The AECL final report recommended 10 changes to the Therac-25 hardware, including interlocks to back up software control of energy selection and electron-beam scanning."",
                ""img_id"": null
            }
        ],
        ""type"": null
    }
]","Some important design lessons from the Therac-25 account include recognizing that timing errors can be hard to reproduce and may underlie serious failures, and that many computer-related accidents arise from requirements faults rather than coding faults.

Design practices should emphasize early and ongoing documentation, integrated software quality assurance, and the use of standards established at the outset to evaluate intermediate products.

The case also highlights the value of redundant safety measures, as reflected in the AECL recommendation to add hardware interlocks to back up software control of energy selection and electron-beam scanning.",0.429,7.251
In what ways do the Object-Oriented characteristics of encapsulation and information hiding support reuse? What kind of criteria would you use in deciding whether to reuse a class in a new system?,,"[
    {
        ""role"": ""paragraph"",
        ""segment"": ""The chatbot can't answer this question. Please try again with another question."",
        ""citations"": [],
        ""type"": ""abstained""
    }
]",The chatbot can't answer this question. Please try again with another question.,0.53,3.464
Why is it useful to have separate phases for system and program design?,,"[
    {
        ""role"": ""paragraph"",
        ""segment"": ""The chatbot can't answer this question. Please try again with another question."",
        ""citations"": [],
        ""type"": ""abstained""
    }
]",The chatbot can't answer this question. Please try again with another question.,0.364,3.909
"In section 6.3, a set of questions was given for helping to find potential problems with a set of use cases. Why is it important if two different terms are being used to refer to the same entity?",,"[
    {
        ""role"": ""paragraph"",
        ""segment"": ""The chatbot can't answer this question. Please try again with another question."",
        ""citations"": [],
        ""type"": ""abstained""
    }
]",The chatbot can't answer this question. Please try again with another question.,0.459,4.583
"You are designing a system to help run a bookstore. Revenue for the store comes from two distinct services: customers can purchase books, or bring their books in for rebinding. You are considering making a separate class for each service, both of which would be subclasses of a general “sale item” class. What are the likely benefits of such an approach? Are there any possible arguments against using inheritance in this case? Be sure to specify what factors could influence your decision.",,"[
    {
        ""role"": ""paragraph"",
        ""segment"": ""The chatbot can't answer this question. Please try again with another question."",
        ""citations"": [],
        ""type"": ""abstained""
    }
]",The chatbot can't answer this question. Please try again with another question.,0.43,4.689
Section 6.7 discusses Chidamber and Kemerer’s metric of depth of inheritance. Why does it seem likely that a class that is deeper in the hierarchy is harder to understand and maintain than one that is less deep?,,"[
  {
    ""role"": ""paragraph"",
    ""segment"": ""The chatbot can't answer this question. Please try again with another question."",
    ""citations"": [],
    ""type"": ""abstained""
  }
]",The chatbot can't answer this question. Please try again with another question.,0.423,4.434
"A stack is a data structure used to store elements. A stack is a last - in, first - out data structure. That is, the last element placed on the stack is the first element that can be removed from the stack. Elements can be placed on or removed from the to p of the stack only. The allowable operations for a stack are empty, full, push, pop and top. The empty operation returns true if there are no elements in the stack, false otherwise. The full operation returns true if the stack is filled to capaci ty, false otherwise. The push operation takes an element as an argument and places the element on top of the stack, if the stack is not full. If the stack is full, the push operation returns an error. The pop operation removes an element from the top of the stack, if the stack is not empty. If the stack is empty, the pop operation returns an error, otherwise, the top element is returned. The top operation returns the element on the top of the stack without removing the element from the stack, if the stack is not empty. The top operation returns an error if the stack is empty. Use an array to implement a stack data structure whose elements are integers. The stack may contain a maximum of 100 elements. Keep in mind the guidelines for programming style that were presented in this chapter.",,"[
  {
    ""role"": ""paragraph"",
    ""segment"": ""#include <stdio.h>\n\n// Stack implemented with a fixed-size array of integers\n#define STACK_MAX 100\n\ntypedef struct {\n    int data[STACK_MAX];\n    int top; // index of the top element, -1 if empty\n} Stack;\n\n// Initialize the stack\nvoid stack_init(Stack* s) {\n    s->top = -1;\n}\n\n// Check if the stack is empty\nint stack_empty(const Stack* s) {\n    return s->top == -1;\n}\n\n// Check if the stack is full\nint stack_full(const Stack* s) {\n    return s->top == STACK_MAX - 1;\n}\n\n// Push an element onto the stack; returns 0 on success, -1 on error (full)\nint stack_push(Stack* s, int value) {\n    if (stack_full(s)) {\n        return -1; // error: stack is full\n    }\n    s->data[++(s->top)] = value;\n    return 0;\n}\n\n// Pop the top element from the stack; returns 0 on success, -1 on error (empty)\nint stack_pop(Stack* s, int* out) {\n    if (stack_empty(s)) {\n        return -1; // error: stack is empty\n    }\n    *out = s->data[(s->top)--];\n    return 0;\n}\n\n// Retrieve the top element without removing it; returns 0 on success, -1 on error (empty)\nint stack_top(const Stack* s, int* out) {\n    if (stack_empty(s)) {\n        return -1; // error: stack is empty\n    }\n    *out = s->data[s->top];\n    return 0;\n}\n\n// Example usage (optional):\n// int main() {\n//     Stack s; stack_init(&s);\n//     stack_push(&s, 10);\n//     int x;\n//     if (stack_top(&s, &x) == 0) printf(\""top=%d\\n\"", x);\n//     stack_pop(&s, &x);\n//     return 0;\n// }\n"",
    ""citations"": [],
    ""type"": null
  }
]","#include <stdio.h>

// Stack implemented with a fixed-size array of integers
#define STACK_MAX 100

typedef struct {
    int data[STACK_MAX];
    int top; // index of the top element, -1 if empty
} Stack;

// Initialize the stack
void stack_init(Stack* s) {
    s->top = -1;
}

// Check if the stack is empty
int stack_empty(const Stack* s) {
    return s->top == -1;
}

// Check if the stack is full
int stack_full(const Stack* s) {
    return s->top == STACK_MAX - 1;
}

// Push an element onto the stack; returns 0 on success, -1 on error (full)
int stack_push(Stack* s, int value) {
    if (stack_full(s)) {
        return -1; // error: stack is full
    }
    s->data[++(s->top)] = value;
    return 0;
}

// Pop the top element from the stack; returns 0 on success, -1 on error (empty)
int stack_pop(Stack* s, int* out) {
    if (stack_empty(s)) {
        return -1; // error: stack is empty
    }
    *out = s->data[(s->top)--];
    return 0;
}

// Retrieve the top element without removing it; returns 0 on success, -1 on error (empty)
int stack_top(const Stack* s, int* out) {
    if (stack_empty(s)) {
        return -1; // error: stack is empty
    }
    *out = s->data[s->top];
    return 0;
}

// Example usage (optional):
// int main() {
//     Stack s; stack_init(&s);
//     stack_push(&s, 10);
//     int x;
//     if (stack_top(&s, &x) == 0) printf(""top=%d\n"", x);
//     stack_pop(&s, &x);
//     return 0;
// }",0.597,14.335
One difficulty with reuse is selecting an appropriate component. Describe a strategy for finding a reusable component. What guidelines or styles would help in the process of selecting a component for reuse?,"
[0]
[SECTION]: Writing the Programs > 7.2 Programming Guidelines > SIDEBAR 7.2 SELECTING COMPONENTS FOR REUSE AT LUCENT
[CONTENT]: L ucent  Technologies  initiated  a  companywide  program  to  reuse  software  components (McClure 1997).As a consequence, the Workstation Software Development Department formed a Reuse Council to devise a strategy for selecting candidate components for its reuse repository.The Council consisted of seven people, representing all groups in the department. The Council created an inventory of components and formed a matrix with the features of all past  and  planned  projects. Then, each  feature  was  rated  in  terms  of  whether  it  had  been implemented and was still needed, had been implemented but was no longer needed, or had not been implemented but was still needed.Those features that were needed and were common to more than one project were targeted for reuse. In fact, some were redesigned to make them more reusable.
The  Council  met  every  week  for  two  hours  to  make  component  selections, inspect design documentation for those components already in the repository, and to monitor the levels of reuse in the department's projects.
guidelines for you. If you are a consumer for your current project, there are four key characteristics to check about the components you are about to reuse:
 - Does the component perform the function or provide the data you need?
 - If minor modification is required, is it less modification than building the component from scratch?
 - Is the component well-documented, so you can understand it without having to verify its implementation line by line?
 - Is there a complete record of the component's test and revision history, so you can be certain that it contains no faults?
You must also assess the amount of code you need to write so that your system can interface with the reused components.
On the other hand, if you are a producer of reusable components, you should keep in mind several things:
 - Make your component general, using parameters and anticipating similar conditions to the ones in which your system will invoke your components.
 - Separate dependencies so that sections likely to need change are isolated from those that are likely to remain the same.
","[
  {
    ""role"": ""paragraph"",
    ""segment"": ""Strategy for finding a reusable component: Build an inventory of components and form a matrix with the features of all past and planned projects, then identify features that are needed and common to more than one project to target for reuse."",
    ""citations"": [
      {
        ""type"": ""source_text"",
        ""content"": ""The Council created an inventory of components and formed a matrix with the features of all past  and  planned  projects. Then, each  feature  was  rated  in  terms  of  whether  it  had  been implemented and was still needed, had been implemented but was no longer needed, or had not been implemented but was still needed.Those features that were needed and were common to more than one project were targeted for reuse."",
        ""img_id"": null
      }
    ]
  },
  {
    ""role"": ""paragraph"",
    ""segment"": ""Guidelines and styles to aid in selecting a component for reuse: evaluate whether the component performs the required function or provides the needed data; assess whether minor modification is less than building from scratch; check that the component is well-documented and that you can understand it without inspecting implementation line by line; ensure there is a complete record of the component's test and revision history to be confident it contains no faults. Producers should also make components general with parameters and anticipate similar invocation conditions, and separate dependencies so changing parts are isolated from those likely to remain the same."",
    ""citations"": [
      {
        ""type"": ""source_text"",
        ""content"": ""guidelines for you. If you are a consumer for your current project, there are four key characteristics to check about the components you are about to reuse:\n - Does the component perform the function or provide the data you need?\n - If minor modification is required, is it less modification than building the component from scratch?\n - Is the component well-documented, so you can understand it without having to verify its implementation line by line?\n - Is there a complete record of the component's test and revision history, so you can be certain that it contains no faults?"",
        ""img_id"": null
      },
      {
        ""type"": ""source_text"",
        ""content"": ""On the other hand, if you are a producer of reusable components, you should keep in mind several things:\n - Make your component general, using parameters and anticipating similar conditions to the ones in which your system will invoke your components.\n - Separate dependencies so that sections likely to need change are isolated from those that are likely to remain the same."",
        ""img_id"": null
      }
    ]
  }
]","Strategy for finding a reusable component: Build an inventory of components and form a matrix with the features of all past and planned projects, then identify features that are needed and common to more than one project to target for reuse.

Guidelines and styles to aid in selecting a component for reuse: evaluate whether the component performs the required function or provides the needed data; assess whether minor modification is less than building from scratch; check that the component is well-documented and that you can understand it without inspecting implementation line by line; ensure there is a complete record of the component's test and revision history to be confident it contains no faults. Producers should also make components general with parameters and anticipate similar invocation conditions, and separate dependencies so changing parts are isolated from those likely to remain the same.",1.165,10.588
Explain the relationship between the design and implementation. Why is it important to match the implementation to the design? What would you do to keep the two consistent?,,"[
  {
    ""role"": ""paragraph"",
    ""segment"": ""The chatbot can't answer this question. Please try again with another question."",
    ""citations"": [],
    ""type"": ""abstained""
  }
]",The chatbot can't answer this question. Please try again with another question.,1.227,5.836
Consider a case where you have attempted to reuse code written by someone else. Wha t kind of reuse was it? What problems did you encounter? How did you resolve the problems? Are there any guidelines in this chapter that may have helped to eliminate or mitigate the problems you encountered?,,"[
    {
        ""role"": ""paragraph"",
        ""segment"": ""The chatbot can't answer this question. Please try again with another question."",
        ""citations"": [],
        ""type"": ""abstained""
    }
]",The chatbot can't answer this question. Please try again with another question.,1.551,4.132
"When writing code, many people are usually involved. Writing code usually requires a great deal of cooperation and coordination. It is important for others to be able to understand what you have written, why you have written it, and how your work fits in with their work. For these reasons, many o rganizations have coding standards and procedures. Using the guidelines from this chapter, write a set of coding standards for a language of your choice. Explain why you have included the standards you have chosen.","
[0]
[SECTION]: Writing the Programs > 7.1 Programming Standards And Procedures
[CONTENT]: During your career, you are likely to work on many different software projects, writing code in many application domains using a variety of tools and techniques. Some of your work will also involve evaluating existing code, because you want to replace or modify it, or to reuse it in another application. You will also participate in formal and informal reviews to examine your code and others'. Much of this work will be different from the programming you have done for your classes. In class, your work is done independently, so that your instructor can judge its quality and suggest improvements. However, in the wider world, most software is developed by teams, and a variety of jobs are required to generate a quality product. Even when writing the code itself, many people are usually involved, and a great deal of cooperation and coordination is required. Thus, it is very important for others to be able to understand not only what you have written, but also why you have written it and how it fits in with their work.
For these reasons, you must know your organization's standards and procedures before you begin to write code. Many companies insist that their code conform to style, format, and content standards, so that the code and associated documentation are clear to everyone who reads them. For example, Sidebar 7.1 describes Microsoft's approach to programming standards.


[1]
[SECTION]: Writing the Programs > 7.1 Programming Standards And Procedures > Standards for Others
[CONTENT]: Once your code is complete, others are likely to use it in a variety of ways. For example, as we shall see in later chapters, a separate team may test the code. Or another set of people may integrate your software with other programs to build and test subsystems and finally the whole system. Even after the system is up and running, changes may be needed, either because of a fault or because the customer wants to change the way the system performs its functions.You may not be part of those maintenance or test teams, so it is essential that you organize, format, and document your code to make it easy for others to understand what it does and how it works.
For example, suppose every program produced by your company begins with a section  describing  the  program's  functions  and  interfaces  with  other  programs. The opening section might look like this:
This block of comments tells the reader what the code does and gives an overview of the  approach. To  someone  who  is  looking  for  a  reusable  component, this  block  is enough information to help decide if this code is what is being sought.To someone who is tracing the source of a failure, the block gives enough detail to help decide if this component is the likely culprit or even a co-conspirator.
A maintenance programmer reading blocks like this one will find the component that needs to be changed more easily. Once that component is located, if the data names are clear and the interfaces well-defined, the maintenance programmer can be sure that the change needed will not have any unexpected effects on other parts of the code.
Automated  tools  are  available  that  can  analyze  the  code  to  determine  which procedures are called by this component and which procedures invoke it. That is, the documentation generated by the tools points up to the components that may invoke it and down to those called by the procedure. With information such as this, making a change to the system is relatively straightforward.At the end of this chapter, we examine an example of standards and procedures to see how they may direct our programming efforts.


[2]
[SECTION]: Writing the Programs > 7.1 Programming Standards And Procedures > Standards for You
[CONTENT]: Standards and procedures can help you to organize your thoughts and avoid mistakes. Some of the procedures involve methods of documenting your code so that it is clear and easy to follow. Such documentation allows you to leave and return to your work without losing track of what you had been doing. Standardized documentation also helps in locating faults and making changes, because it clarifies which sections of your program perform which functions.
","[
    {
        ""role"": ""paragraph"",
        ""segment"": ""Choose a language and adopt organization-wide coding standards and procedures so that code and documentation are clear to everyone who reads them."",
        ""citations"": [
            {
                ""type"": ""source_text"",
                ""content"": ""Many companies insist that their code conform to style, format, and content standards, so that the code and associated documentation are clear to everyone who reads them."",
                ""img_id"": null
            }
        ]
    },
    {
        ""role"": ""paragraph"",
        ""segment"": ""Begin each program with a block of comments describing the program's functions and interfaces with other programs; such a block helps both reuse decisions and fault tracing."",
        ""citations"": [
            {
                ""type"": ""source_text"",
                ""content"": ""The opening section might look like this: This block of comments tells the reader what the code does and gives an overview of the approach. To someone who is looking for a reusable component, this block is enough information to help decide if this code is what is being sought. To someone who is tracing the source of a failure, the block gives enough detail to help decide if this component is the likely culprit or even a co-conspirator."",
                ""img_id"": null
            }
        ]
    },
    {
        ""role"": ""paragraph"",
        ""segment"": ""Use standardized documentation to clarify which parts of the program perform which functions, and enable easier maintenance, testing, and integration."",
        ""citations"": [
            {
                ""type"": ""source_text"",
                ""content"": ""Standards and procedures can help you to organize your thoughts and avoid mistakes. Some of the procedures involve methods of documenting your code so that it is clear and easy to follow. Such documentation allows you to leave and return to your work without losing track of what you had been doing. Standardized documentation also helps in locating faults and making changes, because it clarifies which sections of your program perform which functions."",
                ""img_id"": null
            }
        ]
    },
    {
        ""role"": ""paragraph"",
        ""segment"": ""Anticipate future work by using automated tools to analyze code and identify which procedures are called by a component and which procedures invoke it."",
        ""citations"": [
            {
                ""type"": ""source_text"",
                ""content"": ""Automated tools are available that can analyze the code to determine which procedures are called by this component and which procedures invoke it."",
                ""img_id"": null
            }
        ]
    }
]","Choose a language and adopt organization-wide coding standards and procedures so that code and documentation are clear to everyone who reads them.

Begin each program with a block of comments describing the program's functions and interfaces with other programs; such a block helps both reuse decisions and fault tracing.

Use standardized documentation to clarify which parts of the program perform which functions, and enable easier maintenance, testing, and integration.

Anticipate future work by using automated tools to analyze code and identify which procedures are called by a component and which procedures invoke it.",0.539,8.935
"Examine faults from code that you have written . For each fault, identify the type of fault (as in Section 8.1, Types of Faults) and classify the fault using a defect classification. Provide the details of the defect classification used. (You may use the IBM defect classification presented in Table 8.1 or the one from HP illustrated in Figure 8.1.) Describe any difficulties encountered in classifying the faults.","
[0]
[SECTION]: Testing the Programs > 8.1 Software Faults And Failures > Orthogonal Defect Classification
[CONTENT]: It is useful to categorize and track the types of faults we find, not just in code, but anywhere in a software system. Historical information can help us predict what types of faults our code is likely to have (which helps direct our testing efforts), and clusters of certain types of faults can warn us that it may be time to rethink our designs or even our requirements. Many organizations perform statistical fault modeling and causal analysis, both of which depend on understanding the number and distribution of types of faults. For example, IBM's Defect Prevention Process (Mays et al. 1990) seeks and documents the root cause of every problem that occurs; the information is used to help suggest what types of faults testers should look for, and it has reduced the number of faults injected in the software.
Chillarege  et  al. (1992)  at  IBM  have  developed  an  approach  to  fault  tracking called orthogonal defect classification , where faults are placed in categories that collectively paint a picture of which parts of the development process need attention because they are responsible for spawning many faults. Thus, the classification scheme must be product-  and  organization-independent, and  be  applicable  to  all  stages  of  development. Table 8.1 lists the types of faults that comprise IBM's classification. When using the classification, the developers identify not only the type of fault, but also whether it is a fault of omission or commission. A fault of omission is one that results when some key aspect of the code is missing; for example, a fault may occur when a variable is not initialized.A fault of commission is one that is incorrect; for example, the variable is initialized to the wrong value.


[1]
[SECTION]: Testing the Programs > 8.1 Software Faults And Failures > SIDEBAR 8.1 HEWLETT-PACKARD'S FAULT CLASSIFICATION
[CONTENT]: G rady  (1997)  describes  Hewlett-Packard's  approach  to  fault  classification. In  1986, Hewlett-Packard's Software Metrics Council identified several categories in which to track faults. The scheme grew to be the one depicted in Figure 8.1. The developers use this model by selecting three descriptors for each fault found: the origin of the fault (i.e., where the fault was injected in a product), the type of fault, and the mode (i.e., whether information was missing, unclear, wrong, changed, or could be done a better way).
Each Hewlett-Packard division tracks its faults separately, and summary statistics are reported on pie charts like the one in Figure 8.2. Different divisions often have very different fault profiles, and the nature of the profile helps the developers devise requirements, design, code, and test activities that address the particular kinds of faults the division usually sees. The overall effect has been to reduce the number of faults over time.
Fault classifications, such as IBM's and Hewlett-Packard's (see Sidebar 8.1), help improve the entire development process by telling us which types of faults are found in which development activities. For example, for each fault-identification or testing technique  used  while  building  the  system, we  can  build  a  profile  of  the  types  of  faults located. It is likely that different methods will yield different profiles.Then we can build our fault-prevention and -detection strategy based on the kinds of faults we expect in our system, and the activities that will root them out. Chillarege et al. (1992) illustrate
","[
    {
        ""role"": ""paragraph"",
        ""segment"": ""The chatbot can't answer this question. Please try again with another question."",
        ""citations"": [],
        ""type"": ""abstained""
    }
]",The chatbot can't answer this question. Please try again with another question.,1.33,4.182
"Based on the faults identified in the previous question, which type of fault occurred most frequently? How might you change your software development approach to eliminate or reduce the occurrence of this type of fault?",,"[
    {
        ""role"": ""paragraph"",
        ""segment"": ""The chatbot can't answer this question. Please try again with another question."",
        ""citations"": [],
        ""type"": ""abstained""
    }
]",The chatbot can't answer this question. Please try again with another question.,0.425,3.773
Describe the differences between unit and integration testing. Give the goals for each type of testing and describe when and how each should occur.,,"[
  {
    ""role"": ""paragraph"",
    ""segment"": ""The chatbot can't answer this question. Please try again with another question."",
    ""citations"": [],
    ""type"": ""abstained""
  }
]",The chatbot can't answer this question. Please try again with another question.,0.438,4.275
Describe the differences b etween object - oriented and traditional testing.,"
[0]
[SECTION]: Testing the Programs > 8.5 Testing Object-Oriented Systems > Differences between Object-Oriented and Traditional Testing
[CONTENT]: Perry  and  Kaiser  (1990)  take  a  careful  look  at  testing  object-oriented  components, especially those that are reused from other applications.The properties of object orientation are often thought to help minimize testing, but that is not always the case. For example, encapsulation  isolates  components  that  were  developed  separately. It  is tempting to think that if a programmer reuses some components without change, and reuses others but with some changes, then only the modified code needs to be tested. However, 'a program that has been adequately tested in isolation may not be adequately tested in combination' (Perry and Kaiser 1990). In fact, they show that when we add a new subclass or modify an existing subclass, we must retest the methods inherited from each of its ancestor superclasses.
They also examine the adequacy of test cases. For procedural languages, we can use a set of test data to test a system; then, when a change is made to the system, we can test that the change is correct and use the existing test data to verify that the additional, remaining functionality is still the same. But Perry and Kaiser (1990) show that the situation is different for object-oriented systems. When a subclass replaces an inherited method with a locally defined method with the same name, the overriding subclass must be retested, and probably with a different set of test data. Harrold and McGregor (1989) describe a technique for using the test case history of an object-oriented system to minimize the amount of additional testing.They first test base classes having no parents; the test strategy is to test each function individually and then test the interactions among functions. Next, they provide an algorithm to update incrementally the test history of the parent class; only attributes that are new or are affected by the inheritance scheme are tested.
Graham (1996a) summarizes the differences between object-oriented and traditional testing in two ways. First, she notes which aspects of object orientation make testing easier and which make it harder. For example, objects tend to be small, and the Easier complexity  that  might  ordinarily  reside  in  the  component  is  often  pushed  instead toward the interfaces among components.This difference means that unit testing is less difficult, but integration testing must be much more extensive.As we have seen, encapsulation is often considered a positive attribute of object-oriented design, but it also requires more extensive integration testing.


[1]
[SECTION]: Testing the Programs > 8.5 Testing Object-Oriented Systems > Differences between Object-Oriented and Traditional Testing
[CONTENT]:  - Requirements are likely to be expressed in the requirements document, but there are  few  tools  to  support  validation  of  requirements  expressed  as  objects  and methods.
 - Likewise, most tools that assist in test case generation are not prepared to handle a model expressed in objects and methods.
 - Most source code measurements are defined for procedural code, not for objects and  methods. Traditional  metrics  such  as  cyclomatic  numbers  are  of  little  use when assessing the size and complexity of object-oriented systems. Over time, as researchers propose and test useful object-oriented measurements, this point of difference will diminish.
 - Because it is the interaction of objects that is the source of complexity, code coverage measurements and tools are of less value in object-oriented testing than in traditional testing.
[FIGURE_DESCRIPTIONS]
[0] Diagram showing a multi-axis radar chart with cross-shaped axes labeled to illustrate relationships between testing activities. Central origin with shaded wedge areas and diagonal axes extending to the perimeter. Visible text includes: Planning and management testing, object- or test-oriented testing? (exact wording unclear), Simulation and load testing, Test execution, Test development, Coverage analysis, Source code analysis, Test case generation, Requirements analysis and validation. The chart appears to compare phase activities against categories, highlighting symmetry around the origin. There are dashed lines indicating additional dimensions and solid borders around the central area. Axes labeled at the periphery with arrows pointing outward, suggesting evaluation of testing dimensions and their interactions in software engineering practice. The overall figure title notes significant aspects of the testing domain where object-oriented testing is different (Graham 1996a).



[2]
[SECTION]: Testing the Programs > 8.5 Testing Object-Oriented Systems > Differences between Object-Oriented and Traditional Testing
[CONTENT]: Similarly, inheritance introduces the need for more testing.An inherited function needs additional testing if Figure 8.16 depicts Graham's view of these differences.
 - it is redefined
 - it has a specific behavior in a derived class
 - other functions in that class are supposed to be consistent Graham also looks at the steps in the testing process that are affected by object orientation.The diagram in Figure 8.17 is a Kiviat or radar graph that compares the differences between object-oriented and traditional testing. The gray polygon shows that Planning and requirements analysis and validation,test case generation,source code analysis,and coverage analysis require special treatment.The farther the gray line is out from the center of the diagram, the more the difference between object-oriented and traditional testing.
[FIGURE_DESCRIPTIONS]
[0]  Diagram illustrating a Venn-like overlap between theory and practice with labeled regions for Easier and Harder, Easier and harder testing concepts. The left circle contains terms such as Quicker development, Small methods, Interfaces identified, Reuse. The right circle includes Inheritance, Polymorphism, Dynamic binding, Complex interfaces, More integration. The central overlapping area is labeled Encapsulation. Additional labels within the overlap indicate Shared concepts like Modularity. A caption to the right reads: FIGURE 8.16 Easier and harder aspects of testing object-oriented systems (Grahams 1996a). The diagram emphasizes relationships among concepts in object-oriented design and testing, highlighting how encapsulation sits at the intersection of theory and practical testing challenges. Text is small and high-contrast, with a simple two-circle Venn diagram.

","[
    {
        ""role"": ""paragraph"",
        ""segment"": ""Object-oriented testing differs from traditional testing in several ways: unit testing tends to be easier because objects are small, but integration testing becomes much more extensive due to the push of complexity toward interfaces between components; encapsulation, while beneficial, requires more extensive integration testing; and inheritance introduces additional testing needs when a subclass overrides or redefines inherited methods, or when other functions in the derived class must remain consistent."",
        ""citations"": [
            {
                ""type"": ""source_text"",
                ""content"": ""objects tend to be small, and the Easier complexity  that  might  ordinarily  reside  in  the  component  is  often  pushed  instead  toward  the interfaces among components.This difference means that unit testing is less difficult, but integration testing must be much more extensive."",
                ""img_id"": null
            },
            {
                ""type"": ""source_text"",
                ""content"": ""encapsulation is often considered a positive attribute of object-oriented design, but it also requires more extensive integration testing."",
                ""img_id"": null
            },
            {
                ""type"": ""source_text"",
                ""content"": ""when a subclass replaces an inherited method with a locally defined method with the same name, the overriding subclass must be retested, and probably with a different set of test data."",
                ""img_id"": null
            },
            {
                ""type"": ""source_text"",
                ""content"": ""Similarly, inheritance introduces the need for more testing.An inherited function needs additional testing if Figure 8.16 depicts Graham's view of these differences."",
                ""img_id"": null
            }
        ]
    }
]","Object-oriented testing differs from traditional testing in several ways: unit testing tends to be easier because objects are small, but integration testing becomes much more extensive due to the push of complexity toward interfaces between components; encapsulation, while beneficial, requires more extensive integration testing; and inheritance introduces additional testing needs when a subclass overrides or redefines inherited methods, or when other functions in the derived class must remain consistent.",0.395,8.409
Choose a piece of code and write test cases for the code to satisfy the requirements of statement testing. Write the test cases for all - uses testing. Which testing strategy is stronger? Which strategy requi res more test cases?,,"[
    {
        ""role"": ""paragraph"",
        ""segment"": ""The chatbot can't answer this question. Please try again with another question."",
        ""citations"": [],
        ""type"": ""abstained""
    }
]",The chatbot can't answer this question. Please try again with another question.,0.627,3.887
How does system testing differ from unit and integration testing?,,"[
  {
    ""role"": ""paragraph"",
    ""segment"": ""The chatbot can't answer this question. Please try again with another question."",
    ""citations"": [],
    ""type"": ""abstained""
  }
]",The chatbot can't answer this question. Please try again with another question.,0.535,3.94
"Explain the purposes and roles of function testing, performance testing, acceptance testing, and installation testing.",,"[
    {
        ""role"": ""paragraph"",
        ""segment"": ""The chatbot can't answer this question. Please try again with another question."",
        ""citations"": [],
        ""type"": ""abstained""
    }
]",The chatbot can't answer this question. Please try again with another question.,0.455,3.98
What is the difference between verification and validation? Which types of testing address verification? Which types of testing address validation?,,"[
    {
        ""role"": ""paragraph"",
        ""segment"": ""The chatbot can't answer this question. Please try again with another question."",
        ""citations"": [],
        ""type"": ""abstained""
    }
]",The chatbot can't answer this question. Please try again with another question.,0.424,3.351
Describe the principles of Cleanroom and how it differs from conventional testing.,,"[
    {
        ""role"": ""paragraph"",
        ""segment"": ""The chatbot can't answer this question. Please try again with another question."",
        ""citations"": [],
        ""type"": ""abstained""
    }
]",The chatbot can't answer this question. Please try again with another question.,0.438,4.165
Read the press release and failure report for the Ariane - 5 Flight 501. An electronic copy of the failure report is available at http://www.esrin.esa.it/htdocs/tidc/Press/Press96/ariane5rep.html . The joint ESA/CNES press release is available at http://www.esrin.esa.it/htdocs/tidc/Pres/Press96/pres19.html . What kinds of tests might have exposed the problems that caused each of the failures?,,"[
    {
        ""role"": ""paragraph"",
        ""segment"": ""The chatbot can't answer this question. Please try again with another question."",
        ""citations"": [],
        ""type"": ""abstained""
    }
]",The chatbot can't answer this question. Please try again with another question.,0.487,3.919
Examine the documentation and training resources for a software system of your choice.  What resources are available to the users?  What resources are available to the operators?,,"[
    {
        ""role"": ""paragraph"",
        ""segment"": ""The chatbot can't answer this question. Please try again with another question."",
        ""citations"": [],
        ""type"": ""abstained""
    }
]",The chatbot can't answer this question. Please try again with another question.,0.333,3.762
What kinds of training aids and resources would be useful for users with little or no computer experience?  Give examples of aids or documentation meant for novice users.,,"[
  {
    ""role"": ""paragraph"",
    ""segment"": ""The chatbot can't answer this question. Please try again with another question."",
    ""citations"": [],
    ""type"": ""abstained""
  }
]",The chatbot can't answer this question. Please try again with another question.,0.418,3.473
Suppose a system has functions that are rarely executed by users or operators.  What types of resources would be appropriate for these rarely used functions?,,"[
  {
    ""role"": ""paragraph"",
    ""segment"": ""The chatbot can't answer this question. Please try again with another question."",
    ""citations"": [],
    ""type"": ""abstained""
  }
]",The chatbot can't answer this question. Please try again with another question.,0.443,5.087
"Often, the training and documentation needs for novice users are very different from the needs of expert users.  Give examples of cases where training aids or documentation for one user group are inappropriate for the other.",,"[
    {
        ""role"": ""paragraph"",
        ""segment"": ""The chatbot can't answer this question. Please try again with another question."",
        ""citations"": [],
        ""type"": ""abstained""
    }
]",The chatbot can't answer this question. Please try again with another question.,0.527,4.064
"Think about experiences you have had with training and documentation resources. Are there any cases where these aids have interfered with your usage of the software system? If so, how would you change the documentation or training aid?",,"[
    {
        ""role"": ""paragraph"",
        ""segment"": ""The chatbot can't answer this question. Please try again with another question."",
        ""citations"": [],
        ""type"": ""abstained""
    }
]",The chatbot can't answer this question. Please try again with another question.,0.438,4.787
"The “Millenium Bug” or “Y2K problem” is perhaps the most infamous software maintenance problem. Many computer systems represent the year as only two digits and are expected to have problems in the year 2000, when the value for the new year (“00”) is suddenly less rather than greater than the value for the previous year (“99”). Find a discussion of the Y2K problem written for nonscientists, for example, in a newspaper or popular magazine. How many of the maintenance problems listed in section 11.3 are accurately presented in the article? Are there issues in section 11.3 that contribute to the Y2K problem but are not given in the article?",,"[
  {
    ""role"": ""paragraph"",
    ""segment"": ""The chatbot can't answer this question. Please try again with another question."",
    ""citations"": [],
    ""type"": ""abstained""
  }
]",The chatbot can't answer this question. Please try again with another question.,0.388,4.645
